"DAY","INTERVAL_15MIN","PLANNED_LANES_SECURITY","TRANSFERFILTER_EF"
"2017-06-17","0:0","1","0"
"2017-06-17","0:15","0","0"
"2017-06-17","0:30","1","0"
"2017-06-17","0:45","1","0"
"2017-06-17","10:0","3","0"
"2017-06-17","10:15","3","1"
"2017-06-17","10:30","3","154"
"2017-06-17","10:45","3","219"
"2017-06-17","11:0","3","74"
"2017-06-17","11:15","3","72"
"2017-06-17","11:30","3","0"
"2017-06-17","11:45","3","93"
"2017-06-17","12:0","3","131"
"2017-06-17","12:15","3","0"
"2017-06-17","12:30","3","205"
"2017-06-17","12:45","3","12"
"2017-06-17","13:0","3","0"
"2017-06-17","13:15","3","132"
"2017-06-17","13:30","3","126"
"2017-06-17","13:45","3","0"
"2017-06-17","14:0","3","0"
"2017-06-17","14:15","3","35"
"2017-06-17","14:30","5","147"
"2017-06-17","14:45","5","224"
"2017-06-17","15:0","7","15"
"2017-06-17","15:15","7","422"
"2017-06-17","15:30","7","609"
"2017-06-17","15:45","7","252"
"2017-06-17","16:0","5","118"
"2017-06-17","16:15","5","23"
"2017-06-17","16:30","2","0"
"2017-06-17","16:45","2","0"
"2017-06-17","17:0","2","0"
"2017-06-17","17:15","2","0"
"2017-06-17","17:30","2","0"
"2017-06-17","17:45","2","0"
"2017-06-17","18:0","4","136"
"2017-06-17","18:15","4","104"
"2017-06-17","18:30","5","93"
"2017-06-17","18:45","5","107"
"2017-06-17","19:0","5","266"
"2017-06-17","19:15","5","247"
"2017-06-17","19:30","4","112"
"2017-06-17","19:45","4","17"
"2017-06-17","1:0","1","0"
"2017-06-17","1:15","1","0"
"2017-06-17","1:30","1","0"
"2017-06-17","1:45","1","0"
"2017-06-17","20:0","2","0"
"2017-06-17","20:15","2","0"
"2017-06-17","20:30","1","0"
"2017-06-17","20:45","1","0"
"2017-06-17","21:0","1","2"
"2017-06-17","21:15","1","0"
"2017-06-17","21:30","1","0"
"2017-06-17","21:45","1","33"
"2017-06-17","22:0","1","0"
"2017-06-17","22:15","1","0"
"2017-06-17","22:30","1","0"
"2017-06-17","22:45","1","0"
"2017-06-17","23:0","1","5"
"2017-06-17","23:15","1","0"
"2017-06-17","23:30","1","0"
"2017-06-17","23:45","1","0"
"2017-06-17","2:0","1","0"
"2017-06-17","2:15","1","0"
"2017-06-17","2:30","1","0"
"2017-06-17","2:45","1","0"
"2017-06-17","3:0","1","0"
"2017-06-17","3:15","1","0"
"2017-06-17","3:30","1","0"
"2017-06-17","3:45","1","0"
"2017-06-17","4:0","2","0"
"2017-06-17","4:15","2","0"
"2017-06-17","4:30","3","108"
"2017-06-17","4:45","3","91"
"2017-06-17","5:0","4","127"
"2017-06-17","5:15","4","89"
"2017-06-17","5:30","6","55"
"2017-06-17","5:45","6","172"
"2017-06-17","6:0","8","229"
"2017-06-17","6:15","8","447"
"2017-06-17","6:30","9","24"
"2017-06-17","6:45","9","124"
"2017-06-17","7:0","10","656"
"2017-06-17","7:15","10","531"
"2017-06-17","7:30","10","392"
"2017-06-17","7:45","10","476"
"2017-06-17","8:0","9","119"
"2017-06-17","8:15","9","374"
"2017-06-17","8:30","6","179"
"2017-06-17","8:45","6","275"
"2017-06-17","9:0","4","89"
"2017-06-17","9:15","4","0"
"2017-06-17","9:30","3","0"
"2017-06-17","9:45","3","22"
"2017-06-18","0:0","1","0"
"2017-06-18","0:15","0","0"
"2017-06-18","0:30","1","0"
"2017-06-18","0:45","1","0"
"2017-06-18","10:0","4","52"
"2017-06-18","10:15","4","205"
"2017-06-18","10:30","5","213"
"2017-06-18","10:45","5","335"
"2017-06-18","11:0","5","120"
"2017-06-18","11:15","5","56"
"2017-06-18","11:30","4","0"
"2017-06-18","11:45","4","98"
"2017-06-18","12:0","4","155"
"2017-06-18","12:15","4","0"
"2017-06-18","12:30","3","217"
"2017-06-18","12:45","3","99"
"2017-06-18","13:0","3","0"
"2017-06-18","13:15","3","150"
"2017-06-18","13:30","3","101"
"2017-06-18","13:45","3","0"
"2017-06-18","14:0","3","0"
"2017-06-18","14:15","3","44"
"2017-06-18","14:30","5","172"
"2017-06-18","14:45","5","229"
"2017-06-18","15:0","6","147"
"2017-06-18","15:15","6","331"
"2017-06-18","15:30","6","483"
"2017-06-18","15:45","6","230"
"2017-06-18","16:0","5","128"
"2017-06-18","16:15","5","20"
"2017-06-18","16:30","2","0"
"2017-06-18","16:45","2","0"
"2017-06-18","17:0","2","0"
"2017-06-18","17:15","2","0"
"2017-06-18","17:30","2","0"
"2017-06-18","17:45","2","0"
"2017-06-18","18:0","4","128"
"2017-06-18","18:15","4","160"
"2017-06-18","18:30","5","273"
"2017-06-18","18:45","5","127"
"2017-06-18","19:0","5","179"
"2017-06-18","19:15","5","84"
"2017-06-18","19:30","3","111"
"2017-06-18","19:45","3","28"
"2017-06-18","1:0","1","0"
"2017-06-18","1:15","1","2"
"2017-06-18","1:30","1","2"
"2017-06-18","1:45","1","0"
"2017-06-18","20:0","2","0"
"2017-06-18","20:15","2","0"
"2017-06-18","20:30","1","0"
"2017-06-18","20:45","1","0"
"2017-06-18","21:0","1","0"
"2017-06-18","21:15","1","0"
"2017-06-18","21:30","1","0"
"2017-06-18","21:45","1","38"
"2017-06-18","22:0","1","1"
"2017-06-18","22:15","1","0"
"2017-06-18","22:30","1","0"
"2017-06-18","22:45","1","0"
"2017-06-18","23:0","1","0"
"2017-06-18","23:15","1","0"
"2017-06-18","23:30","1","0"
"2017-06-18","23:45","1","0"
"2017-06-18","2:0","1","0"
"2017-06-18","2:15","1","0"
"2017-06-18","2:30","1","0"
"2017-06-18","2:45","1","0"
"2017-06-18","3:0","1","0"
"2017-06-18","3:15","1","0"
"2017-06-18","3:30","1","0"
"2017-06-18","3:45","1","0"
"2017-06-18","4:0","2","0"
"2017-06-18","4:15","2","0"
"2017-06-18","4:30","3","94"
"2017-06-18","4:45","3","125"
"2017-06-18","5:0","4","142"
"2017-06-18","5:15","4","83"
"2017-06-18","5:30","6","58"
"2017-06-18","5:45","6","188"
"2017-06-18","6:0","7","225"
"2017-06-18","6:15","7","314"
"2017-06-18","6:30","9","194"
"2017-06-18","6:45","9","115"
"2017-06-18","7:0","10","649"
"2017-06-18","7:15","10","418"
"2017-06-18","7:30","10","519"
"2017-06-18","7:45","10","343"
"2017-06-18","8:0","8","172"
"2017-06-18","8:15","8","252"
"2017-06-18","8:30","6","209"
"2017-06-18","8:45","6","336"
"2017-06-18","9:0","4","61"
"2017-06-18","9:15","4","0"
"2017-06-18","9:30","4","0"
"2017-06-18","9:45","4","0"
"2017-06-19","0:0","1","0"
"2017-06-19","0:15","0","0"
"2017-06-19","0:30","1","0"
"2017-06-19","0:45","1","0"
"2017-06-19","10:0","3","0"
"2017-06-19","10:15","3","1"
"2017-06-19","10:30","4","161"
"2017-06-19","10:45","4","200"
"2017-06-19","11:0","4","62"
"2017-06-19","11:15","4","69"
"2017-06-19","11:30","3","0"
"2017-06-19","11:45","3","101"
"2017-06-19","12:0","3","135"
"2017-06-19","12:15","3","1"
"2017-06-19","12:30","3","214"
"2017-06-19","12:45","3","24"
"2017-06-19","13:0","3","0"
"2017-06-19","13:15","3","137"
"2017-06-19","13:30","3","96"
"2017-06-19","13:45","3","0"
"2017-06-19","14:0","3","0"
"2017-06-19","14:15","3","50"
"2017-06-19","14:30","5","129"
"2017-06-19","14:45","5","213"
"2017-06-19","15:0","8","149"
"2017-06-19","15:15","8","366"
"2017-06-19","15:30","8","592"
"2017-06-19","15:45","8","205"
"2017-06-19","16:0","7","128"
"2017-06-19","16:15","7","13"
"2017-06-19","16:30","3","0"
"2017-06-19","16:45","3","0"
"2017-06-19","17:0","2","0"
"2017-06-19","17:15","2","0"
"2017-06-19","17:30","2","0"
"2017-06-19","17:45","2","0"
"2017-06-19","18:0","5","156"
"2017-06-19","18:15","5","204"
"2017-06-19","18:30","6","132"
"2017-06-19","18:45","6","330"
"2017-06-19","19:0","6","263"
"2017-06-19","19:15","6","227"
"2017-06-19","19:30","4","142"
"2017-06-19","19:45","4","19"
"2017-06-19","1:0","1","0"
"2017-06-19","1:15","1","3"
"2017-06-19","1:30","1","3"
"2017-06-19","1:45","1","0"
"2017-06-19","20:0","2","0"
"2017-06-19","20:15","2","0"
"2017-06-19","20:30","1","0"
"2017-06-19","20:45","1","0"
"2017-06-19","21:0","1","0"
"2017-06-19","21:15","1","0"
"2017-06-19","21:30","1","0"
"2017-06-19","21:45","1","27"
"2017-06-19","22:0","1","0"
"2017-06-19","22:15","1","0"
"2017-06-19","22:30","1","0"
"2017-06-19","22:45","1","0"
"2017-06-19","23:0","1","0"
"2017-06-19","23:15","1","0"
"2017-06-19","23:30","1","0"
"2017-06-19","23:45","1","0"
"2017-06-19","2:0","1","0"
"2017-06-19","2:15","1","0"
"2017-06-19","2:30","1","0"
"2017-06-19","2:45","1","0"
"2017-06-19","3:0","1","0"
"2017-06-19","3:15","1","0"
"2017-06-19","3:30","1","0"
"2017-06-19","3:45","1","0"
"2017-06-19","4:0","2","0"
"2017-06-19","4:15","2","0"
"2017-06-19","4:30","4","112"
"2017-06-19","4:45","4","146"
"2017-06-19","5:0","5","195"
"2017-06-19","5:15","5","59"
"2017-06-19","5:30","6","57"
"2017-06-19","5:45","6","171"
"2017-06-19","6:0","8","258"
"2017-06-19","6:15","8","440"
"2017-06-19","6:30","10","95"
"2017-06-19","6:45","10","301"
"2017-06-19","7:0","10","435"
"2017-06-19","7:15","10","651"
"2017-06-19","7:30","10","433"
"2017-06-19","7:45","10","380"
"2017-06-19","8:0","9","123"
"2017-06-19","8:15","9","359"
"2017-06-19","8:30","7","213"
"2017-06-19","8:45","7","190"
"2017-06-19","9:0","4","14"
"2017-06-19","9:15","4","0"
"2017-06-19","9:30","3","0"
"2017-06-19","9:45","3","11"
"2017-06-20","0:0","1","0"
"2017-06-20","0:15","0","0"
"2017-06-20","0:30","1","0"
"2017-06-20","0:45","1","11"
"2017-06-20","10:0","4","52"
"2017-06-20","10:15","4","206"
"2017-06-20","10:30","4","150"
"2017-06-20","10:45","4","191"
"2017-06-20","11:0","4","43"
"2017-06-20","11:15","4","64"
"2017-06-20","11:30","3","0"
"2017-06-20","11:45","3","120"
"2017-06-20","12:0","3","153"
"2017-06-20","12:15","3","2"
"2017-06-20","12:30","3","218"
"2017-06-20","12:45","3","45"
"2017-06-20","13:0","3","0"
"2017-06-20","13:15","3","142"
"2017-06-20","13:30","3","81"
"2017-06-20","13:45","3","0"
"2017-06-20","14:0","3","0"
"2017-06-20","14:15","3","36"
"2017-06-20","14:30","5","155"
"2017-06-20","14:45","5","215"
"2017-06-20","15:0","5","139"
"2017-06-20","15:15","5","287"
"2017-06-20","15:30","6","440"
"2017-06-20","15:45","6","187"
"2017-06-20","16:0","6","125"
"2017-06-20","16:15","6","16"
"2017-06-20","16:30","3","0"
"2017-06-20","16:45","3","0"
"2017-06-20","17:0","2","0"
"2017-06-20","17:15","2","0"
"2017-06-20","17:30","2","5"
"2017-06-20","17:45","2","0"
"2017-06-20","18:0","4","154"
"2017-06-20","18:15","4","203"
"2017-06-20","18:30","5","267"
"2017-06-20","18:45","5","143"
"2017-06-20","19:0","5","165"
"2017-06-20","19:15","5","95"
"2017-06-20","19:30","3","148"
"2017-06-20","19:45","3","12"
"2017-06-20","1:0","1","8"
"2017-06-20","1:15","1","0"
"2017-06-20","1:30","1","0"
"2017-06-20","1:45","1","0"
"2017-06-20","20:0","2","0"
"2017-06-20","20:15","2","0"
"2017-06-20","20:30","1","0"
"2017-06-20","20:45","1","0"
"2017-06-20","21:0","1","11"
"2017-06-20","21:15","1","7"
"2017-06-20","21:30","1","0"
"2017-06-20","21:45","1","28"
"2017-06-20","22:0","1","0"
"2017-06-20","22:15","1","0"
"2017-06-20","22:30","1","0"
"2017-06-20","22:45","1","0"
"2017-06-20","23:0","1","0"
"2017-06-20","23:15","1","0"
"2017-06-20","23:30","1","0"
"2017-06-20","23:45","1","0"
"2017-06-20","2:0","1","0"
"2017-06-20","2:15","1","0"
"2017-06-20","2:30","1","0"
"2017-06-20","2:45","1","0"
"2017-06-20","3:0","1","0"
"2017-06-20","3:15","1","0"
"2017-06-20","3:30","1","0"
"2017-06-20","3:45","1","0"
"2017-06-20","4:0","1","0"
"2017-06-20","4:15","1","0"
"2017-06-20","4:30","2","0"
"2017-06-20","4:45","2","68"
"2017-06-20","5:0","3","133"
"2017-06-20","5:15","3","34"
"2017-06-20","5:30","6","55"
"2017-06-20","5:45","6","170"
"2017-06-20","6:0","8","234"
"2017-06-20","6:15","8","281"
"2017-06-20","6:30","9","162"
"2017-06-20","6:45","9","159"
"2017-06-20","7:0","9","663"
"2017-06-20","7:15","9","717"
"2017-06-20","7:30","9","413"
"2017-06-20","7:45","9","422"
"2017-06-20","8:0","8","95"
"2017-06-20","8:15","8","188"
"2017-06-20","8:30","7","214"
"2017-06-20","8:45","7","344"
"2017-06-20","9:0","5","95"
"2017-06-20","9:15","5","0"
"2017-06-20","9:30","4","0"
"2017-06-20","9:45","4","0"
"2017-06-21","0:0","1","0"
"2017-06-21","0:15","0","0"
"2017-06-21","0:30","1","0"
"2017-06-21","0:45","1","1"
"2017-06-21","10:0","4","50"
"2017-06-21","10:15","4","209"
"2017-06-21","10:30","4","188"
"2017-06-21","10:45","4","297"
"2017-06-21","11:0","4","82"
"2017-06-21","11:15","4","51"
"2017-06-21","11:30","3","0"
"2017-06-21","11:45","3","115"
"2017-06-21","12:0","3","134"
"2017-06-21","12:15","3","3"
"2017-06-21","12:30","3","180"
"2017-06-21","12:45","3","4"
"2017-06-21","13:0","3","0"
"2017-06-21","13:15","3","145"
"2017-06-21","13:30","3","83"
"2017-06-21","13:45","3","0"
"2017-06-21","14:0","3","0"
"2017-06-21","14:15","3","42"
"2017-06-21","14:30","5","133"
"2017-06-21","14:45","5","219"
"2017-06-21","15:0","6","9"
"2017-06-21","15:15","6","455"
"2017-06-21","15:30","6","452"
"2017-06-21","15:45","6","150"
"2017-06-21","16:0","5","129"
"2017-06-21","16:15","5","15"
"2017-06-21","16:30","3","0"
"2017-06-21","16:45","3","0"
"2017-06-21","17:0","2","0"
"2017-06-21","17:15","2","0"
"2017-06-21","17:30","2","0"
"2017-06-21","17:45","2","0"
"2017-06-21","18:0","4","173"
"2017-06-21","18:15","4","201"
"2017-06-21","18:30","5","135"
"2017-06-21","18:45","5","329"
"2017-06-21","19:0","5","188"
"2017-06-21","19:15","5","235"
"2017-06-21","19:30","4","146"
"2017-06-21","19:45","4","12"
"2017-06-21","1:0","1","8"
"2017-06-21","1:15","1","0"
"2017-06-21","1:30","1","0"
"2017-06-21","1:45","1","0"
"2017-06-21","20:0","2","0"
"2017-06-21","20:15","2","0"
"2017-06-21","20:30","1","0"
"2017-06-21","20:45","1","0"
"2017-06-21","21:0","1","0"
"2017-06-21","21:15","1","0"
"2017-06-21","21:30","1","0"
"2017-06-21","21:45","1","43"
"2017-06-21","22:0","1","0"
"2017-06-21","22:15","1","0"
"2017-06-21","22:30","1","0"
"2017-06-21","22:45","1","0"
"2017-06-21","23:0","1","0"
"2017-06-21","23:15","1","0"
"2017-06-21","23:30","1","0"
"2017-06-21","23:45","1","10"
"2017-06-21","2:0","1","0"
"2017-06-21","2:15","1","0"
"2017-06-21","2:30","1","0"
"2017-06-21","2:45","1","0"
"2017-06-21","3:0","1","0"
"2017-06-21","3:15","1","0"
"2017-06-21","3:30","1","0"
"2017-06-21","3:45","1","0"
"2017-06-21","4:0","2","0"
"2017-06-21","4:15","2","0"
"2017-06-21","4:30","3","119"
"2017-06-21","4:45","3","141"
"2017-06-21","5:0","4","139"
"2017-06-21","5:15","4","83"
"2017-06-21","5:30","6","55"
"2017-06-21","5:45","6","148"
"2017-06-21","6:0","8","247"
"2017-06-21","6:15","8","481"
"2017-06-21","6:30","10","36"
"2017-06-21","6:45","10","126"
"2017-06-21","7:0","10","655"
"2017-06-21","7:15","10","496"
"2017-06-21","7:30","10","475"
"2017-06-21","7:45","10","476"
"2017-06-21","8:0","9","123"
"2017-06-21","8:15","9","228"
"2017-06-21","8:30","7","211"
"2017-06-21","8:45","7","350"
"2017-06-21","9:0","5","115"
"2017-06-21","9:15","5","0"
"2017-06-21","9:30","4","0"
"2017-06-21","9:45","4","0"
"2017-06-22","0:0","1","5"
"2017-06-22","0:15","0","0"
"2017-06-22","0:30","1","0"
"2017-06-22","0:45","1","0"
"2017-06-22","10:0","4","50"
"2017-06-22","10:15","4","208"
"2017-06-22","10:30","4","201"
"2017-06-22","10:45","4","197"
"2017-06-22","11:0","4","32"
"2017-06-22","11:15","4","58"
"2017-06-22","11:30","4","0"
"2017-06-22","11:45","4","114"
"2017-06-22","12:0","4","155"
"2017-06-22","12:15","4","0"
"2017-06-22","12:30","4","215"
"2017-06-22","12:45","4","93"
"2017-06-22","13:0","3","0"
"2017-06-22","13:15","3","137"
"2017-06-22","13:30","3","86"
"2017-06-22","13:45","3","0"
"2017-06-22","14:0","3","0"
"2017-06-22","14:15","3","0"
"2017-06-22","14:30","4","0"
"2017-06-22","14:45","4","200"
"2017-06-22","15:0","6","140"
"2017-06-22","15:15","6","295"
"2017-06-22","15:30","6","445"
"2017-06-22","15:45","6","188"
"2017-06-22","16:0","5","114"
"2017-06-22","16:15","5","8"
"2017-06-22","16:30","3","0"
"2017-06-22","16:45","3","0"
"2017-06-22","17:0","2","0"
"2017-06-22","17:15","2","0"
"2017-06-22","17:30","2","1"
"2017-06-22","17:45","2","3"
"2017-06-22","18:0","4","143"
"2017-06-22","18:15","4","197"
"2017-06-22","18:30","5","251"
"2017-06-22","18:45","5","127"
"2017-06-22","19:0","5","306"
"2017-06-22","19:15","5","140"
"2017-06-22","19:30","4","125"
"2017-06-22","19:45","4","25"
"2017-06-22","1:0","1","0"
"2017-06-22","1:15","1","0"
"2017-06-22","1:30","1","0"
"2017-06-22","1:45","1","13"
"2017-06-22","20:0","3","0"
"2017-06-22","20:15","3","0"
"2017-06-22","20:30","1","0"
"2017-06-22","20:45","1","0"
"2017-06-22","21:0","1","2"
"2017-06-22","21:15","1","1"
"2017-06-22","21:30","1","0"
"2017-06-22","21:45","1","35"
"2017-06-22","22:0","1","0"
"2017-06-22","22:15","1","0"
"2017-06-22","22:30","1","0"
"2017-06-22","22:45","1","0"
"2017-06-22","23:0","1","0"
"2017-06-22","23:15","1","0"
"2017-06-22","23:30","1","0"
"2017-06-22","23:45","1","0"
"2017-06-22","2:0","1","0"
"2017-06-22","2:15","1","0"
"2017-06-22","2:30","1","0"
"2017-06-22","2:45","1","0"
"2017-06-22","3:0","1","0"
"2017-06-22","3:15","1","0"
"2017-06-22","3:30","1","0"
"2017-06-22","3:45","1","0"
"2017-06-22","4:0","1","0"
"2017-06-22","4:15","1","0"
"2017-06-22","4:30","3","0"
"2017-06-22","4:45","3","63"
"2017-06-22","5:0","4","233"
"2017-06-22","5:15","4","64"
"2017-06-22","5:30","6","52"
"2017-06-22","5:45","6","130"
"2017-06-22","6:0","8","217"
"2017-06-22","6:15","8","313"
"2017-06-22","6:30","9","198"
"2017-06-22","6:45","9","97"
"2017-06-22","7:0","9","603"
"2017-06-22","7:15","9","486"
"2017-06-22","7:30","9","400"
"2017-06-22","7:45","9","417"
"2017-06-22","8:0","9","92"
"2017-06-22","8:15","9","350"
"2017-06-22","8:30","8","188"
"2017-06-22","8:45","8","319"
"2017-06-22","9:0","5","100"
"2017-06-22","9:15","5","0"
"2017-06-22","9:30","4","0"
"2017-06-22","9:45","4","0"
"2017-06-23","0:0","1","0"
"2017-06-23","0:15","0","0"
"2017-06-23","0:30","1","0"
"2017-06-23","0:45","1","0"
"2017-06-23","10:0","4","52"
"2017-06-23","10:15","4","206"
"2017-06-23","10:30","4","187"
"2017-06-23","10:45","4","293"
"2017-06-23","11:0","4","106"
"2017-06-23","11:15","4","58"
"2017-06-23","11:30","4","0"
"2017-06-23","11:45","4","97"
"2017-06-23","12:0","4","158"
"2017-06-23","12:15","4","5"
"2017-06-23","12:30","4","215"
"2017-06-23","12:45","4","94"
"2017-06-23","13:0","3","0"
"2017-06-23","13:15","3","145"
"2017-06-23","13:30","3","63"
"2017-06-23","13:45","3","0"
"2017-06-23","14:0","3","0"
"2017-06-23","14:15","3","40"
"2017-06-23","14:30","5","156"
"2017-06-23","14:45","5","243"
"2017-06-23","15:0","6","135"
"2017-06-23","15:15","6","275"
"2017-06-23","15:30","6","585"
"2017-06-23","15:45","6","200"
"2017-06-23","16:0","5","109"
"2017-06-23","16:15","5","12"
"2017-06-23","16:30","2","0"
"2017-06-23","16:45","2","0"
"2017-06-23","17:0","2","0"
"2017-06-23","17:15","2","0"
"2017-06-23","17:30","2","0"
"2017-06-23","17:45","2","0"
"2017-06-23","18:0","4","159"
"2017-06-23","18:15","4","195"
"2017-06-23","18:30","5","117"
"2017-06-23","18:45","5","296"
"2017-06-23","19:0","5","224"
"2017-06-23","19:15","5","95"
"2017-06-23","19:30","4","149"
"2017-06-23","19:45","4","22"
"2017-06-23","1:0","1","0"
"2017-06-23","1:15","1","0"
"2017-06-23","1:30","1","0"
"2017-06-23","1:45","1","0"
"2017-06-23","20:0","2","0"
"2017-06-23","20:15","2","0"
"2017-06-23","20:30","1","0"
"2017-06-23","20:45","1","0"
"2017-06-23","21:0","1","0"
"2017-06-23","21:15","1","0"
"2017-06-23","21:30","1","0"
"2017-06-23","21:45","1","37"
"2017-06-23","22:0","1","0"
"2017-06-23","22:15","1","0"
"2017-06-23","22:30","1","0"
"2017-06-23","22:45","1","0"
"2017-06-23","23:0","1","0"
"2017-06-23","23:15","1","0"
"2017-06-23","23:30","1","0"
"2017-06-23","23:45","1","0"
"2017-06-23","2:0","1","0"
"2017-06-23","2:15","1","0"
"2017-06-23","2:30","1","0"
"2017-06-23","2:45","1","0"
"2017-06-23","3:0","1","0"
"2017-06-23","3:15","1","0"
"2017-06-23","3:30","1","0"
"2017-06-23","3:45","1","0"
"2017-06-23","4:0","1","0"
"2017-06-23","4:15","1","0"
"2017-06-23","4:30","2","0"
"2017-06-23","4:45","2","54"
"2017-06-23","5:0","3","117"
"2017-06-23","5:15","3","97"
"2017-06-23","5:30","5","52"
"2017-06-23","5:45","5","161"
"2017-06-23","6:0","8","226"
"2017-06-23","6:15","8","393"
"2017-06-23","6:30","9","220"
"2017-06-23","6:45","9","342"
"2017-06-23","7:0","10","434"
"2017-06-23","7:15","10","640"
"2017-06-23","7:30","10","444"
"2017-06-23","7:45","10","610"
"2017-06-23","8:0","9","153"
"2017-06-23","8:15","9","206"
"2017-06-23","8:30","6","184"
"2017-06-23","8:45","6","285"
"2017-06-23","9:0","4","115"
"2017-06-23","9:15","4","0"
"2017-06-23","9:30","4","0"
"2017-06-23","9:45","4","0"
"2017-06-24","0:0","1","0"
"2017-06-24","0:15","0","0"
"2017-06-24","0:30","1","0"
"2017-06-24","0:45","1","0"
"2017-06-24","10:0","4","0"
"2017-06-24","10:15","4","1"
"2017-06-24","10:30","4","153"
"2017-06-24","10:45","4","224"
"2017-06-24","11:0","3","74"
"2017-06-24","11:15","3","68"
"2017-06-24","11:30","3","0"
"2017-06-24","11:45","3","93"
"2017-06-24","12:0","3","131"
"2017-06-24","12:15","3","0"
"2017-06-24","12:30","3","206"
"2017-06-24","12:45","3","11"
"2017-06-24","13:0","3","0"
"2017-06-24","13:15","3","136"
"2017-06-24","13:30","3","122"
"2017-06-24","13:45","3","0"
"2017-06-24","14:0","3","0"
"2017-06-24","14:15","3","37"
"2017-06-24","14:30","5","145"
"2017-06-24","14:45","5","228"
"2017-06-24","15:0","6","10"
"2017-06-24","15:15","6","419"
"2017-06-24","15:30","6","619"
"2017-06-24","15:45","6","246"
"2017-06-24","16:0","5","123"
"2017-06-24","16:15","5","18"
"2017-06-24","16:30","3","0"
"2017-06-24","16:45","3","0"
"2017-06-24","17:0","2","0"
"2017-06-24","17:15","2","0"
"2017-06-24","17:30","2","0"
"2017-06-24","17:45","2","0"
"2017-06-24","18:0","4","138"
"2017-06-24","18:15","4","103"
"2017-06-24","18:30","5","92"
"2017-06-24","18:45","5","108"
"2017-06-24","19:0","5","264"
"2017-06-24","19:15","5","247"
"2017-06-24","19:30","4","131"
"2017-06-24","19:45","4","20"
"2017-06-24","1:0","1","0"
"2017-06-24","1:15","1","0"
"2017-06-24","1:30","1","0"
"2017-06-24","1:45","1","0"
"2017-06-24","20:0","2","0"
"2017-06-24","20:15","2","0"
"2017-06-24","20:30","1","0"
"2017-06-24","20:45","1","0"
"2017-06-24","21:0","1","2"
"2017-06-24","21:15","1","0"
"2017-06-24","21:30","1","0"
"2017-06-24","21:45","1","33"
"2017-06-24","22:0","1","0"
"2017-06-24","22:15","1","0"
"2017-06-24","22:30","1","0"
"2017-06-24","22:45","1","0"
"2017-06-24","23:0","1","4"
"2017-06-24","23:15","1","1"
"2017-06-24","23:30","1","0"
"2017-06-24","23:45","1","0"
"2017-06-24","2:0","1","0"
"2017-06-24","2:15","1","0"
"2017-06-24","2:30","1","0"
"2017-06-24","2:45","1","0"
"2017-06-24","3:0","1","0"
"2017-06-24","3:15","1","0"
"2017-06-24","3:30","1","0"
"2017-06-24","3:45","1","0"
"2017-06-24","4:0","2","0"
"2017-06-24","4:15","2","0"
"2017-06-24","4:30","3","108"
"2017-06-24","4:45","3","93"
"2017-06-24","5:0","4","125"
"2017-06-24","5:15","4","89"
"2017-06-24","5:30","6","55"
"2017-06-24","5:45","6","172"
"2017-06-24","6:0","8","229"
"2017-06-24","6:15","8","447"
"2017-06-24","6:30","9","23"
"2017-06-24","6:45","9","125"
"2017-06-24","7:0","9","657"
"2017-06-24","7:15","9","528"
"2017-06-24","7:30","9","393"
"2017-06-24","7:45","9","508"
"2017-06-24","8:0","8","127"
"2017-06-24","8:15","8","364"
"2017-06-24","8:30","6","180"
"2017-06-24","8:45","6","279"
"2017-06-24","9:0","5","84"
"2017-06-24","9:15","5","0"
"2017-06-24","9:30","4","0"
"2017-06-24","9:45","4","22"
"2017-06-25","0:0","1","0"
"2017-06-25","0:15","0","0"
"2017-06-25","0:30","1","0"
"2017-06-25","0:45","1","0"
"2017-06-25","10:0","5","50"
"2017-06-25","10:15","5","208"
"2017-06-25","10:30","5","215"
"2017-06-25","10:45","5","333"
"2017-06-25","11:0","4","113"
"2017-06-25","11:15","4","62"
"2017-06-25","11:30","4","0"
"2017-06-25","11:45","4","102"
"2017-06-25","12:0","4","151"
"2017-06-25","12:15","4","0"
"2017-06-25","12:30","4","219"
"2017-06-25","12:45","4","97"
"2017-06-25","13:0","3","0"
"2017-06-25","13:15","3","147"
"2017-06-25","13:30","3","104"
"2017-06-25","13:45","3","0"
"2017-06-25","14:0","3","0"
"2017-06-25","14:15","3","46"
"2017-06-25","14:30","5","170"
"2017-06-25","14:45","5","228"
"2017-06-25","15:0","7","147"
"2017-06-25","15:15","7","325"
"2017-06-25","15:30","7","486"
"2017-06-25","15:45","7","234"
"2017-06-25","16:0","5","127"
"2017-06-25","16:15","5","21"
"2017-06-25","16:30","2","0"
"2017-06-25","16:45","2","0"
"2017-06-25","17:0","2","0"
"2017-06-25","17:15","2","0"
"2017-06-25","17:30","2","0"
"2017-06-25","17:45","2","0"
"2017-06-25","18:0","4","121"
"2017-06-25","18:15","4","170"
"2017-06-25","18:30","5","270"
"2017-06-25","18:45","5","129"
"2017-06-25","19:0","5","177"
"2017-06-25","19:15","5","84"
"2017-06-25","19:30","3","121"
"2017-06-25","19:45","3","42"
"2017-06-25","1:0","1","0"
"2017-06-25","1:15","1","2"
"2017-06-25","1:30","1","2"
"2017-06-25","1:45","1","0"
"2017-06-25","20:0","2","0"
"2017-06-25","20:15","2","0"
"2017-06-25","20:30","1","0"
"2017-06-25","20:45","1","0"
"2017-06-25","21:0","1","0"
"2017-06-25","21:15","1","0"
"2017-06-25","21:30","1","0"
"2017-06-25","21:45","1","39"
"2017-06-25","22:0","1","0"
"2017-06-25","22:15","1","0"
"2017-06-25","22:30","1","0"
"2017-06-25","22:45","1","0"
"2017-06-25","23:0","1","0"
"2017-06-25","23:15","1","0"
"2017-06-25","23:30","1","0"
"2017-06-25","23:45","1","0"
"2017-06-25","2:0","1","0"
"2017-06-25","2:15","1","0"
"2017-06-25","2:30","1","0"
"2017-06-25","2:45","1","0"
"2017-06-25","3:0","1","0"
"2017-06-25","3:15","1","0"
"2017-06-25","3:30","1","0"
"2017-06-25","3:45","1","0"
"2017-06-25","4:0","2","0"
"2017-06-25","4:15","2","0"
"2017-06-25","4:30","3","94"
"2017-06-25","4:45","3","127"
"2017-06-25","5:0","4","140"
"2017-06-25","5:15","4","83"
"2017-06-25","5:30","6","58"
"2017-06-25","5:45","6","188"
"2017-06-25","6:0","8","225"
"2017-06-25","6:15","8","314"
"2017-06-25","6:30","9","193"
"2017-06-25","6:45","9","117"
"2017-06-25","7:0","9","647"
"2017-06-25","7:15","9","419"
"2017-06-25","7:30","9","518"
"2017-06-25","7:45","9","344"
"2017-06-25","8:0","8","172"
"2017-06-25","8:15","8","252"
"2017-06-25","8:30","6","199"
"2017-06-25","8:45","6","312"
"2017-06-25","9:0","5","71"
"2017-06-25","9:15","5","0"
"2017-06-25","9:30","5","0"
"2017-06-25","9:45","5","0"
"2017-06-26","0:0","1","0"
"2017-06-26","0:15","0","0"
"2017-06-26","0:30","1","0"
"2017-06-26","0:45","1","0"
"2017-06-26","10:0","3","0"
"2017-06-26","10:15","3","1"
"2017-06-26","10:30","4","161"
"2017-06-26","10:45","4","200"
"2017-06-26","11:0","4","62"
"2017-06-26","11:15","4","69"
"2017-06-26","11:30","3","0"
"2017-06-26","11:45","3","101"
"2017-06-26","12:0","3","135"
"2017-06-26","12:15","3","1"
"2017-06-26","12:30","3","213"
"2017-06-26","12:45","3","25"
"2017-06-26","13:0","3","0"
"2017-06-26","13:15","3","137"
"2017-06-26","13:30","3","96"
"2017-06-26","13:45","3","0"
"2017-06-26","14:0","3","0"
"2017-06-26","14:15","3","50"
"2017-06-26","14:30","5","129"
"2017-06-26","14:45","5","213"
"2017-06-26","15:0","6","149"
"2017-06-26","15:15","6","367"
"2017-06-26","15:30","7","591"
"2017-06-26","15:45","7","205"
"2017-06-26","16:0","7","128"
"2017-06-26","16:15","7","13"
"2017-06-26","16:30","3","0"
"2017-06-26","16:45","3","0"
"2017-06-26","17:0","2","0"
"2017-06-26","17:15","2","0"
"2017-06-26","17:30","2","0"
"2017-06-26","17:45","2","0"
"2017-06-26","18:0","5","159"
"2017-06-26","18:15","5","202"
"2017-06-26","18:30","6","131"
"2017-06-26","18:45","6","331"
"2017-06-26","19:0","6","262"
"2017-06-26","19:15","6","227"
"2017-06-26","19:30","4","142"
"2017-06-26","19:45","4","19"
"2017-06-26","1:0","1","0"
"2017-06-26","1:15","1","3"
"2017-06-26","1:30","1","3"
"2017-06-26","1:45","1","0"
"2017-06-26","20:0","2","0"
"2017-06-26","20:15","2","0"
"2017-06-26","20:30","1","0"
"2017-06-26","20:45","1","0"
"2017-06-26","21:0","1","0"
"2017-06-26","21:15","1","0"
"2017-06-26","21:30","1","0"
"2017-06-26","21:45","1","27"
"2017-06-26","22:0","1","0"
"2017-06-26","22:15","1","0"
"2017-06-26","22:30","1","0"
"2017-06-26","22:45","1","0"
"2017-06-26","23:0","1","0"
"2017-06-26","23:15","1","0"
"2017-06-26","23:30","1","0"
"2017-06-26","23:45","1","0"
"2017-06-26","2:0","1","0"
"2017-06-26","2:15","1","0"
"2017-06-26","2:30","1","0"
"2017-06-26","2:45","1","0"
"2017-06-26","3:0","1","0"
"2017-06-26","3:15","1","0"
"2017-06-26","3:30","1","0"
"2017-06-26","3:45","1","0"
"2017-06-26","4:0","2","0"
"2017-06-26","4:15","2","0"
"2017-06-26","4:30","4","112"
"2017-06-26","4:45","4","147"
"2017-06-26","5:0","5","194"
"2017-06-26","5:15","5","59"
"2017-06-26","5:30","6","57"
"2017-06-26","5:45","6","171"
"2017-06-26","6:0","9","257"
"2017-06-26","6:15","9","441"
"2017-06-26","6:30","10","95"
"2017-06-26","6:45","10","301"
"2017-06-26","7:0","10","435"
"2017-06-26","7:15","10","651"
"2017-06-26","7:30","10","432"
"2017-06-26","7:45","10","381"
"2017-06-26","8:0","9","122"
"2017-06-26","8:15","9","369"
"2017-06-26","8:30","7","213"
"2017-06-26","8:45","7","190"
"2017-06-26","9:0","4","14"
"2017-06-26","9:15","4","0"
"2017-06-26","9:30","3","0"
"2017-06-26","9:45","3","11"
"2017-06-27","0:0","1","0"
"2017-06-27","0:15","0","0"
"2017-06-27","0:30","1","0"
"2017-06-27","0:45","1","14"
"2017-06-27","10:0","3","50"
"2017-06-27","10:15","3","208"
"2017-06-27","10:30","4","147"
"2017-06-27","10:45","4","189"
"2017-06-27","11:0","4","55"
"2017-06-27","11:15","4","57"
"2017-06-27","11:30","3","0"
"2017-06-27","11:45","3","116"
"2017-06-27","12:0","3","157"
"2017-06-27","12:15","3","3"
"2017-06-27","12:30","3","215"
"2017-06-27","12:45","3","47"
"2017-06-27","13:0","3","0"
"2017-06-27","13:15","3","142"
"2017-06-27","13:30","3","81"
"2017-06-27","13:45","3","0"
"2017-06-27","14:0","3","0"
"2017-06-27","14:15","3","40"
"2017-06-27","14:30","4","151"
"2017-06-27","14:45","4","215"
"2017-06-27","15:0","6","139"
"2017-06-27","15:15","6","291"
"2017-06-27","15:30","6","433"
"2017-06-27","15:45","6","190"
"2017-06-27","16:0","6","127"
"2017-06-27","16:15","6","14"
"2017-06-27","16:30","3","0"
"2017-06-27","16:45","3","0"
"2017-06-27","17:0","2","0"
"2017-06-27","17:15","2","0"
"2017-06-27","17:30","2","5"
"2017-06-27","17:45","2","0"
"2017-06-27","18:0","4","171"
"2017-06-27","18:15","4","189"
"2017-06-27","18:30","5","264"
"2017-06-27","18:45","5","142"
"2017-06-27","19:0","5","166"
"2017-06-27","19:15","5","95"
"2017-06-27","19:30","3","147"
"2017-06-27","19:45","3","13"
"2017-06-27","1:0","1","5"
"2017-06-27","1:15","1","0"
"2017-06-27","1:30","1","0"
"2017-06-27","1:45","1","0"
"2017-06-27","20:0","2","0"
"2017-06-27","20:15","2","0"
"2017-06-27","20:30","1","0"
"2017-06-27","20:45","1","0"
"2017-06-27","21:0","1","11"
"2017-06-27","21:15","1","7"
"2017-06-27","21:30","1","0"
"2017-06-27","21:45","1","28"
"2017-06-27","22:0","1","0"
"2017-06-27","22:15","1","0"
"2017-06-27","22:30","1","0"
"2017-06-27","22:45","1","0"
"2017-06-27","23:0","1","0"
"2017-06-27","23:15","1","0"
"2017-06-27","23:30","1","0"
"2017-06-27","23:45","1","0"
"2017-06-27","2:0","1","0"
"2017-06-27","2:15","1","0"
"2017-06-27","2:30","1","0"
"2017-06-27","2:45","1","0"
"2017-06-27","3:0","1","0"
"2017-06-27","3:15","1","0"
"2017-06-27","3:30","1","0"
"2017-06-27","3:45","1","0"
"2017-06-27","4:0","1","0"
"2017-06-27","4:15","1","0"
"2017-06-27","4:30","2","0"
"2017-06-27","4:45","2","68"
"2017-06-27","5:0","3","133"
"2017-06-27","5:15","3","34"
"2017-06-27","5:30","5","50"
"2017-06-27","5:45","5","175"
"2017-06-27","6:0","7","233"
"2017-06-27","6:15","7","282"
"2017-06-27","6:30","9","161"
"2017-06-27","6:45","9","161"
"2017-06-27","7:0","9","662"
"2017-06-27","7:15","9","717"
"2017-06-27","7:30","9","420"
"2017-06-27","7:45","9","390"
"2017-06-27","8:0","8","96"
"2017-06-27","8:15","8","186"
"2017-06-27","8:30","6","237"
"2017-06-27","8:45","6","343"
"2017-06-27","9:0","5","100"
"2017-06-27","9:15","5","0"
"2017-06-27","9:30","3","0"
"2017-06-27","9:45","3","0"
"2017-06-28","0:0","1","0"
"2017-06-28","0:15","0","0"
"2017-06-28","0:30","1","0"
"2017-06-28","0:45","1","1"
"2017-06-28","10:0","4","50"
"2017-06-28","10:15","4","208"
"2017-06-28","10:30","5","191"
"2017-06-28","10:45","5","414"
"2017-06-28","11:0","5","104"
"2017-06-28","11:15","5","51"
"2017-06-28","11:30","3","0"
"2017-06-28","11:45","3","114"
"2017-06-28","12:0","3","135"
"2017-06-28","12:15","3","3"
"2017-06-28","12:30","3","181"
"2017-06-28","12:45","3","3"
"2017-06-28","13:0","3","0"
"2017-06-28","13:15","3","145"
"2017-06-28","13:30","3","83"
"2017-06-28","13:45","3","0"
"2017-06-28","14:0","3","0"
"2017-06-28","14:15","3","40"
"2017-06-28","14:30","5","135"
"2017-06-28","14:45","5","218"
"2017-06-28","15:0","7","10"
"2017-06-28","15:15","7","450"
"2017-06-28","15:30","7","453"
"2017-06-28","15:45","7","154"
"2017-06-28","16:0","5","129"
"2017-06-28","16:15","5","15"
"2017-06-28","16:30","3","0"
"2017-06-28","16:45","3","0"
"2017-06-28","17:0","2","0"
"2017-06-28","17:15","2","0"
"2017-06-28","17:30","2","0"
"2017-06-28","17:45","2","0"
"2017-06-28","18:0","4","175"
"2017-06-28","18:15","4","198"
"2017-06-28","18:30","5","134"
"2017-06-28","18:45","5","330"
"2017-06-28","19:0","5","187"
"2017-06-28","19:15","5","240"
"2017-06-28","19:30","4","147"
"2017-06-28","19:45","4","8"
"2017-06-28","1:0","1","8"
"2017-06-28","1:15","1","0"
"2017-06-28","1:30","1","0"
"2017-06-28","1:45","1","0"
"2017-06-28","20:0","2","0"
"2017-06-28","20:15","2","0"
"2017-06-28","20:30","1","0"
"2017-06-28","20:45","1","0"
"2017-06-28","21:0","1","0"
"2017-06-28","21:15","1","0"
"2017-06-28","21:30","1","0"
"2017-06-28","21:45","1","43"
"2017-06-28","22:0","1","0"
"2017-06-28","22:15","1","0"
"2017-06-28","22:30","1","0"
"2017-06-28","22:45","1","0"
"2017-06-28","23:0","1","0"
"2017-06-28","23:15","1","0"
"2017-06-28","23:30","1","0"
"2017-06-28","23:45","1","9"
"2017-06-28","2:0","1","0"
"2017-06-28","2:15","1","0"
"2017-06-28","2:30","1","0"
"2017-06-28","2:45","1","0"
"2017-06-28","3:0","1","0"
"2017-06-28","3:15","1","0"
"2017-06-28","3:30","1","0"
"2017-06-28","3:45","1","0"
"2017-06-28","4:0","2","0"
"2017-06-28","4:15","2","0"
"2017-06-28","4:30","3","121"
"2017-06-28","4:45","3","139"
"2017-06-28","5:0","4","139"
"2017-06-28","5:15","4","83"
"2017-06-28","5:30","6","55"
"2017-06-28","5:45","6","148"
"2017-06-28","6:0","8","242"
"2017-06-28","6:15","8","486"
"2017-06-28","6:30","10","36"
"2017-06-28","6:45","10","126"
"2017-06-28","7:0","10","654"
"2017-06-28","7:15","10","496"
"2017-06-28","7:30","10","474"
"2017-06-28","7:45","10","478"
"2017-06-28","8:0","9","125"
"2017-06-28","8:15","9","226"
"2017-06-28","8:30","7","210"
"2017-06-28","8:45","7","354"
"2017-06-28","9:0","5","112"
"2017-06-28","9:15","5","0"
"2017-06-28","9:30","4","0"
"2017-06-28","9:45","4","0"
"2017-06-29","0:0","1","6"
"2017-06-29","0:15","0","0"
"2017-06-29","0:30","1","0"
"2017-06-29","0:45","1","0"
"2017-06-29","10:0","3","50"
"2017-06-29","10:15","3","207"
"2017-06-29","10:30","4","201"
"2017-06-29","10:45","4","198"
"2017-06-29","11:0","4","34"
"2017-06-29","11:15","4","56"
"2017-06-29","11:30","3","0"
"2017-06-29","11:45","3","114"
"2017-06-29","12:0","3","155"
"2017-06-29","12:15","3","0"
"2017-06-29","12:30","4","215"
"2017-06-29","12:45","4","93"
"2017-06-29","13:0","4","0"
"2017-06-29","13:15","4","139"
"2017-06-29","13:30","3","84"
"2017-06-29","13:45","3","0"
"2017-06-29","14:0","3","0"
"2017-06-29","14:15","3","0"
"2017-06-29","14:30","4","0"
"2017-06-29","14:45","4","202"
"2017-06-29","15:0","6","137"
"2017-06-29","15:15","6","294"
"2017-06-29","15:30","6","446"
"2017-06-29","15:45","6","189"
"2017-06-29","16:0","5","114"
"2017-06-29","16:15","5","8"
"2017-06-29","16:30","3","0"
"2017-06-29","16:45","3","0"
"2017-06-29","17:0","2","0"
"2017-06-29","17:15","2","0"
"2017-06-29","17:30","2","0"
"2017-06-29","17:45","2","4"
"2017-06-29","18:0","4","149"
"2017-06-29","18:15","4","192"
"2017-06-29","18:30","5","250"
"2017-06-29","18:45","5","127"
"2017-06-29","19:0","5","309"
"2017-06-29","19:15","5","141"
"2017-06-29","19:30","4","125"
"2017-06-29","19:45","4","21"
"2017-06-29","1:0","1","0"
"2017-06-29","1:15","1","0"
"2017-06-29","1:30","1","0"
"2017-06-29","1:45","1","13"
"2017-06-29","20:0","2","0"
"2017-06-29","20:15","2","0"
"2017-06-29","20:30","1","0"
"2017-06-29","20:45","1","0"
"2017-06-29","21:0","1","2"
"2017-06-29","21:15","1","1"
"2017-06-29","21:30","1","0"
"2017-06-29","21:45","1","35"
"2017-06-29","22:0","1","0"
"2017-06-29","22:15","1","0"
"2017-06-29","22:30","1","0"
"2017-06-29","22:45","1","0"
"2017-06-29","23:0","1","0"
"2017-06-29","23:15","1","0"
"2017-06-29","23:30","1","0"
"2017-06-29","23:45","1","0"
"2017-06-29","2:0","1","0"
"2017-06-29","2:15","1","0"
"2017-06-29","2:30","1","0"
"2017-06-29","2:45","1","0"
"2017-06-29","3:0","1","0"
"2017-06-29","3:15","1","0"
"2017-06-29","3:30","1","0"
"2017-06-29","3:45","1","0"
"2017-06-29","4:0","1","0"
"2017-06-29","4:15","1","0"
"2017-06-29","4:30","3","0"
"2017-06-29","4:45","3","60"
"2017-06-29","5:0","4","236"
"2017-06-29","5:15","4","64"
"2017-06-29","5:30","6","52"
"2017-06-29","5:45","6","130"
"2017-06-29","6:0","7","215"
"2017-06-29","6:15","7","315"
"2017-06-29","6:30","8","199"
"2017-06-29","6:45","8","96"
"2017-06-29","7:0","9","602"
"2017-06-29","7:15","9","487"
"2017-06-29","7:30","9","402"
"2017-06-29","7:45","9","415"
"2017-06-29","8:0","8","90"
"2017-06-29","8:15","8","352"
"2017-06-29","8:30","7","184"
"2017-06-29","8:45","7","329"
"2017-06-29","9:0","5","94"
"2017-06-29","9:15","5","0"
"2017-06-29","9:30","3","0"
"2017-06-29","9:45","3","0"
"2017-06-30","0:0","1","0"
"2017-06-30","0:15","0","0"
"2017-06-30","0:30","1","0"
"2017-06-30","0:45","1","0"
"2017-06-30","10:0","3","52"
"2017-06-30","10:15","3","205"
"2017-06-30","10:30","4","196"
"2017-06-30","10:45","4","277"
"2017-06-30","11:0","4","119"
"2017-06-30","11:15","4","53"
"2017-06-30","11:30","4","0"
"2017-06-30","11:45","4","96"
"2017-06-30","12:0","4","159"
"2017-06-30","12:15","4","5"
"2017-06-30","12:30","4","215"
"2017-06-30","12:45","4","94"
"2017-06-30","13:0","3","0"
"2017-06-30","13:15","3","144"
"2017-06-30","13:30","3","64"
"2017-06-30","13:45","3","0"
"2017-06-30","14:0","3","0"
"2017-06-30","14:15","3","27"
"2017-06-30","14:30","5","169"
"2017-06-30","14:45","5","241"
"2017-06-30","15:0","6","138"
"2017-06-30","15:15","6","276"
"2017-06-30","15:30","6","580"
"2017-06-30","15:45","6","203"
"2017-06-30","16:0","5","110"
"2017-06-30","16:15","5","11"
"2017-06-30","16:30","2","0"
"2017-06-30","16:45","2","0"
"2017-06-30","17:0","2","0"
"2017-06-30","17:15","2","0"
"2017-06-30","17:30","2","0"
"2017-06-30","17:45","2","0"
"2017-06-30","18:0","4","160"
"2017-06-30","18:15","4","195"
"2017-06-30","18:30","5","117"
"2017-06-30","18:45","5","294"
"2017-06-30","19:0","5","225"
"2017-06-30","19:15","5","103"
"2017-06-30","19:30","4","139"
"2017-06-30","19:45","4","24"
"2017-06-30","1:0","1","0"
"2017-06-30","1:15","1","0"
"2017-06-30","1:30","1","0"
"2017-06-30","1:45","1","0"
"2017-06-30","20:0","2","0"
"2017-06-30","20:15","2","0"
"2017-06-30","20:30","1","0"
"2017-06-30","20:45","1","0"
"2017-06-30","21:0","1","0"
"2017-06-30","21:15","1","0"
"2017-06-30","21:30","1","0"
"2017-06-30","21:45","1","37"
"2017-06-30","22:0","1","0"
"2017-06-30","22:15","1","0"
"2017-06-30","22:30","1","0"
"2017-06-30","22:45","1","0"
"2017-06-30","23:0","1","0"
"2017-06-30","23:15","1","0"
"2017-06-30","23:30","1","0"
"2017-06-30","23:45","1","15"
"2017-06-30","2:0","1","0"
"2017-06-30","2:15","1","0"
"2017-06-30","2:30","1","0"
"2017-06-30","2:45","1","0"
"2017-06-30","3:0","1","0"
"2017-06-30","3:15","1","0"
"2017-06-30","3:30","1","0"
"2017-06-30","3:45","1","0"
"2017-06-30","4:0","1","0"
"2017-06-30","4:15","1","0"
"2017-06-30","4:30","2","0"
"2017-06-30","4:45","2","54"
"2017-06-30","5:0","3","119"
"2017-06-30","5:15","3","97"
"2017-06-30","5:30","5","53"
"2017-06-30","5:45","5","158"
"2017-06-30","6:0","7","229"
"2017-06-30","6:15","7","390"
"2017-06-30","6:30","9","224"
"2017-06-30","6:45","9","334"
"2017-06-30","7:0","10","438"
"2017-06-30","7:15","10","645"
"2017-06-30","7:30","10","448"
"2017-06-30","7:45","10","601"
"2017-06-30","8:0","9","157"
"2017-06-30","8:15","9","202"
"2017-06-30","8:30","6","180"
"2017-06-30","8:45","6","290"
"2017-06-30","9:0","4","114"
"2017-06-30","9:15","4","0"
"2017-06-30","9:30","3","0"
"2017-06-30","9:45","3","0"
"2017-07-01","0:0","1","0"
"2017-07-01","0:15","0","0"
"2017-07-01","0:30","1","0"
"2017-07-01","0:45","1","0"
"2017-07-01","10:0","3","0"
"2017-07-01","10:15","3","2"
"2017-07-01","10:30","3","162"
"2017-07-01","10:45","3","213"
"2017-07-01","11:0","3","76"
"2017-07-01","11:15","3","71"
"2017-07-01","11:30","3","0"
"2017-07-01","11:45","3","92"
"2017-07-01","12:0","3","135"
"2017-07-01","12:15","3","0"
"2017-07-01","12:30","3","203"
"2017-07-01","12:45","3","18"
"2017-07-01","13:0","3","0"
"2017-07-01","13:15","3","139"
"2017-07-01","13:30","3","123"
"2017-07-01","13:45","3","0"
"2017-07-01","14:0","3","0"
"2017-07-01","14:15","3","47"
"2017-07-01","14:30","5","138"
"2017-07-01","14:45","5","231"
"2017-07-01","15:0","6","11"
"2017-07-01","15:15","6","431"
"2017-07-01","15:30","6","615"
"2017-07-01","15:45","6","257"
"2017-07-01","16:0","5","126"
"2017-07-01","16:15","5","17"
"2017-07-01","16:30","3","0"
"2017-07-01","16:45","3","0"
"2017-07-01","17:0","2","0"
"2017-07-01","17:15","2","0"
"2017-07-01","17:30","2","0"
"2017-07-01","17:45","2","0"
"2017-07-01","18:0","4","141"
"2017-07-01","18:15","4","98"
"2017-07-01","18:30","5","100"
"2017-07-01","18:45","5","110"
"2017-07-01","19:0","5","255"
"2017-07-01","19:15","5","268"
"2017-07-01","19:30","4","133"
"2017-07-01","19:45","4","20"
"2017-07-01","1:0","1","0"
"2017-07-01","1:15","1","0"
"2017-07-01","1:30","1","0"
"2017-07-01","1:45","1","0"
"2017-07-01","20:0","2","0"
"2017-07-01","20:15","2","0"
"2017-07-01","20:30","1","0"
"2017-07-01","20:45","1","0"
"2017-07-01","21:0","1","2"
"2017-07-01","21:15","1","0"
"2017-07-01","21:30","1","0"
"2017-07-01","21:45","1","33"
"2017-07-01","22:0","1","0"
"2017-07-01","22:15","1","0"
"2017-07-01","22:30","1","0"
"2017-07-01","22:45","1","0"
"2017-07-01","23:0","1","5"
"2017-07-01","23:15","1","0"
"2017-07-01","23:30","1","0"
"2017-07-01","23:45","1","0"
"2017-07-01","2:0","1","0"
"2017-07-01","2:15","1","0"
"2017-07-01","2:30","1","0"
"2017-07-01","2:45","1","0"
"2017-07-01","3:0","1","0"
"2017-07-01","3:15","1","0"
"2017-07-01","3:30","1","0"
"2017-07-01","3:45","1","0"
"2017-07-01","4:0","2","0"
"2017-07-01","4:15","2","0"
"2017-07-01","4:30","3","105"
"2017-07-01","4:45","3","97"
"2017-07-01","5:0","4","129"
"2017-07-01","5:15","4","89"
"2017-07-01","5:30","6","50"
"2017-07-01","5:45","6","181"
"2017-07-01","6:0","8","228"
"2017-07-01","6:15","8","457"
"2017-07-01","6:30","9","23"
"2017-07-01","6:45","9","127"
"2017-07-01","7:0","9","650"
"2017-07-01","7:15","9","555"
"2017-07-01","7:30","9","397"
"2017-07-01","7:45","9","485"
"2017-07-01","8:0","8","121"
"2017-07-01","8:15","8","378"
"2017-07-01","8:30","6","178"
"2017-07-01","8:45","6","276"
"2017-07-01","9:0","5","97"
"2017-07-01","9:15","5","0"
"2017-07-01","9:30","4","0"
"2017-07-01","9:45","4","22"
"2017-07-02","0:0","1","0"
"2017-07-02","0:15","0","4"
"2017-07-02","0:30","1","0"
"2017-07-02","0:45","1","0"
"2017-07-02","10:0","4","60"
"2017-07-02","10:15","4","199"
"2017-07-02","10:30","4","223"
"2017-07-02","10:45","4","322"
"2017-07-02","11:0","4","129"
"2017-07-02","11:15","4","60"
"2017-07-02","11:30","4","0"
"2017-07-02","11:45","4","103"
"2017-07-02","12:0","4","153"
"2017-07-02","12:15","4","0"
"2017-07-02","12:30","4","217"
"2017-07-02","12:45","4","99"
"2017-07-02","13:0","3","0"
"2017-07-02","13:15","3","150"
"2017-07-02","13:30","3","106"
"2017-07-02","13:45","3","0"
"2017-07-02","14:0","3","0"
"2017-07-02","14:15","3","43"
"2017-07-02","14:30","5","177"
"2017-07-02","14:45","5","229"
"2017-07-02","15:0","7","151"
"2017-07-02","15:15","7","313"
"2017-07-02","15:30","7","511"
"2017-07-02","15:45","7","233"
"2017-07-02","16:0","5","128"
"2017-07-02","16:15","5","23"
"2017-07-02","16:30","2","0"
"2017-07-02","16:45","2","0"
"2017-07-02","17:0","2","0"
"2017-07-02","17:15","2","0"
"2017-07-02","17:30","2","0"
"2017-07-02","17:45","2","0"
"2017-07-02","18:0","4","119"
"2017-07-02","18:15","4","174"
"2017-07-02","18:30","5","274"
"2017-07-02","18:45","5","124"
"2017-07-02","19:0","5","186"
"2017-07-02","19:15","5","103"
"2017-07-02","19:30","3","126"
"2017-07-02","19:45","3","30"
"2017-07-02","1:0","1","0"
"2017-07-02","1:15","1","0"
"2017-07-02","1:30","1","0"
"2017-07-02","1:45","1","0"
"2017-07-02","20:0","2","0"
"2017-07-02","20:15","2","0"
"2017-07-02","20:30","1","0"
"2017-07-02","20:45","1","0"
"2017-07-02","21:0","1","0"
"2017-07-02","21:15","1","0"
"2017-07-02","21:30","1","0"
"2017-07-02","21:45","1","38"
"2017-07-02","22:0","1","1"
"2017-07-02","22:15","1","0"
"2017-07-02","22:30","1","0"
"2017-07-02","22:45","1","0"
"2017-07-02","23:0","1","0"
"2017-07-02","23:15","1","0"
"2017-07-02","23:30","1","0"
"2017-07-02","23:45","1","0"
"2017-07-02","2:0","1","0"
"2017-07-02","2:15","1","0"
"2017-07-02","2:30","1","0"
"2017-07-02","2:45","1","0"
"2017-07-02","3:0","1","0"
"2017-07-02","3:15","1","0"
"2017-07-02","3:30","1","0"
"2017-07-02","3:45","1","0"
"2017-07-02","4:0","2","0"
"2017-07-02","4:15","2","0"
"2017-07-02","4:30","3","90"
"2017-07-02","4:45","3","132"
"2017-07-02","5:0","4","144"
"2017-07-02","5:15","4","82"
"2017-07-02","5:30","6","59"
"2017-07-02","5:45","6","192"
"2017-07-02","6:0","7","235"
"2017-07-02","6:15","7","309"
"2017-07-02","6:30","8","204"
"2017-07-02","6:45","8","118"
"2017-07-02","7:0","9","644"
"2017-07-02","7:15","9","426"
"2017-07-02","7:30","9","551"
"2017-07-02","7:45","9","341"
"2017-07-02","8:0","8","204"
"2017-07-02","8:15","8","254"
"2017-07-02","8:30","6","208"
"2017-07-02","8:45","6","346"
"2017-07-02","9:0","5","61"
"2017-07-02","9:15","5","0"
"2017-07-02","9:30","4","0"
"2017-07-02","9:45","4","0"
"2017-07-03","0:0","1","0"
"2017-07-03","0:15","0","0"
"2017-07-03","0:30","1","0"
"2017-07-03","0:45","1","0"
"2017-07-03","10:0","3","0"
"2017-07-03","10:15","3","2"
"2017-07-03","10:30","3","157"
"2017-07-03","10:45","3","206"
"2017-07-03","11:0","3","71"
"2017-07-03","11:15","3","66"
"2017-07-03","11:30","3","0"
"2017-07-03","11:45","3","104"
"2017-07-03","12:0","3","136"
"2017-07-03","12:15","3","0"
"2017-07-03","12:30","3","216"
"2017-07-03","12:45","3","27"
"2017-07-03","13:0","3","0"
"2017-07-03","13:15","3","145"
"2017-07-03","13:30","3","92"
"2017-07-03","13:45","3","0"
"2017-07-03","14:0","3","0"
"2017-07-03","14:15","3","54"
"2017-07-03","14:30","5","128"
"2017-07-03","14:45","5","216"
"2017-07-03","15:0","7","152"
"2017-07-03","15:15","7","361"
"2017-07-03","15:30","7","604"
"2017-07-03","15:45","7","217"
"2017-07-03","16:0","6","128"
"2017-07-03","16:15","6","16"
"2017-07-03","16:30","2","0"
"2017-07-03","16:45","2","0"
"2017-07-03","17:0","2","0"
"2017-07-03","17:15","2","0"
"2017-07-03","17:30","3","0"
"2017-07-03","17:45","3","0"
"2017-07-03","18:0","5","157"
"2017-07-03","18:15","5","193"
"2017-07-03","18:30","6","150"
"2017-07-03","18:45","6","330"
"2017-07-03","19:0","6","278"
"2017-07-03","19:15","6","236"
"2017-07-03","19:30","4","133"
"2017-07-03","19:45","4","23"
"2017-07-03","1:0","1","0"
"2017-07-03","1:15","1","3"
"2017-07-03","1:30","1","3"
"2017-07-03","1:45","1","0"
"2017-07-03","20:0","2","0"
"2017-07-03","20:15","2","0"
"2017-07-03","20:30","1","0"
"2017-07-03","20:45","1","0"
"2017-07-03","21:0","1","0"
"2017-07-03","21:15","1","0"
"2017-07-03","21:30","1","0"
"2017-07-03","21:45","1","28"
"2017-07-03","22:0","1","0"
"2017-07-03","22:15","1","0"
"2017-07-03","22:30","1","0"
"2017-07-03","22:45","1","0"
"2017-07-03","23:0","1","0"
"2017-07-03","23:15","1","0"
"2017-07-03","23:30","1","0"
"2017-07-03","23:45","1","0"
"2017-07-03","2:0","1","0"
"2017-07-03","2:15","1","0"
"2017-07-03","2:30","1","0"
"2017-07-03","2:45","1","0"
"2017-07-03","3:0","1","0"
"2017-07-03","3:15","1","0"
"2017-07-03","3:30","1","0"
"2017-07-03","3:45","1","0"
"2017-07-03","4:0","1","0"
"2017-07-03","4:15","1","0"
"2017-07-03","4:30","4","113"
"2017-07-03","4:45","4","150"
"2017-07-03","5:0","4","199"
"2017-07-03","5:15","4","58"
"2017-07-03","5:30","6","54"
"2017-07-03","5:45","6","178"
"2017-07-03","6:0","8","265"
"2017-07-03","6:15","8","443"
"2017-07-03","6:30","9","101"
"2017-07-03","6:45","9","290"
"2017-07-03","7:0","9","442"
"2017-07-03","7:15","9","669"
"2017-07-03","7:30","9","444"
"2017-07-03","7:45","9","407"
"2017-07-03","8:0","8","111"
"2017-07-03","8:15","8","390"
"2017-07-03","8:30","7","214"
"2017-07-03","8:45","7","193"
"2017-07-03","9:0","4","16"
"2017-07-03","9:15","4","0"
"2017-07-03","9:30","3","0"
"2017-07-03","9:45","3","11"
"2017-07-04","0:0","1","0"
"2017-07-04","0:15","0","0"
"2017-07-04","0:30","1","0"
"2017-07-04","0:45","1","9"
"2017-07-04","10:0","4","59"
"2017-07-04","10:15","4","201"
"2017-07-04","10:30","3","150"
"2017-07-04","10:45","3","193"
"2017-07-04","11:0","3","50"
"2017-07-04","11:15","3","64"
"2017-07-04","11:30","3","0"
"2017-07-04","11:45","3","112"
"2017-07-04","12:0","3","165"
"2017-07-04","12:15","3","2"
"2017-07-04","12:30","3","218"
"2017-07-04","12:45","3","45"
"2017-07-04","13:0","3","0"
"2017-07-04","13:15","3","139"
"2017-07-04","13:30","3","88"
"2017-07-04","13:45","3","0"
"2017-07-04","14:0","3","0"
"2017-07-04","14:15","3","49"
"2017-07-04","14:30","5","145"
"2017-07-04","14:45","5","217"
"2017-07-04","15:0","6","157"
"2017-07-04","15:15","6","276"
"2017-07-04","15:30","6","450"
"2017-07-04","15:45","6","188"
"2017-07-04","16:0","6","128"
"2017-07-04","16:15","6","16"
"2017-07-04","16:30","3","0"
"2017-07-04","16:45","3","0"
"2017-07-04","17:0","2","0"
"2017-07-04","17:15","2","0"
"2017-07-04","17:30","2","5"
"2017-07-04","17:45","2","0"
"2017-07-04","18:0","5","150"
"2017-07-04","18:15","5","211"
"2017-07-04","18:30","5","273"
"2017-07-04","18:45","5","138"
"2017-07-04","19:0","4","175"
"2017-07-04","19:15","4","98"
"2017-07-04","19:30","3","150"
"2017-07-04","19:45","3","16"
"2017-07-04","1:0","1","10"
"2017-07-04","1:15","1","0"
"2017-07-04","1:30","1","0"
"2017-07-04","1:45","1","0"
"2017-07-04","20:0","2","0"
"2017-07-04","20:15","2","0"
"2017-07-04","20:30","1","0"
"2017-07-04","20:45","1","0"
"2017-07-04","21:0","1","8"
"2017-07-04","21:15","1","10"
"2017-07-04","21:30","1","0"
"2017-07-04","21:45","1","29"
"2017-07-04","22:0","1","0"
"2017-07-04","22:15","1","0"
"2017-07-04","22:30","1","0"
"2017-07-04","22:45","1","0"
"2017-07-04","23:0","1","0"
"2017-07-04","23:15","1","0"
"2017-07-04","23:30","1","0"
"2017-07-04","23:45","1","0"
"2017-07-04","2:0","1","0"
"2017-07-04","2:15","1","3"
"2017-07-04","2:30","1","3"
"2017-07-04","2:45","1","0"
"2017-07-04","3:0","1","0"
"2017-07-04","3:15","1","0"
"2017-07-04","3:30","1","0"
"2017-07-04","3:45","1","0"
"2017-07-04","4:0","1","0"
"2017-07-04","4:15","1","0"
"2017-07-04","4:30","2","0"
"2017-07-04","4:45","2","66"
"2017-07-04","5:0","3","138"
"2017-07-04","5:15","3","34"
"2017-07-04","5:30","6","56"
"2017-07-04","5:45","6","173"
"2017-07-04","6:0","7","249"
"2017-07-04","6:15","7","278"
"2017-07-04","6:30","9","173"
"2017-07-04","6:45","9","147"
"2017-07-04","7:0","9","663"
"2017-07-04","7:15","9","734"
"2017-07-04","7:30","9","439"
"2017-07-04","7:45","9","393"
"2017-07-04","8:0","8","96"
"2017-07-04","8:15","8","195"
"2017-07-04","8:30","5","221"
"2017-07-04","8:45","5","336"
"2017-07-04","9:0","4","105"
"2017-07-04","9:15","4","0"
"2017-07-04","9:30","4","0"
"2017-07-04","9:45","4","0"
"2017-07-05","0:0","1","0"
"2017-07-05","0:15","0","0"
"2017-07-05","0:30","1","0"
"2017-07-05","0:45","1","0"
"2017-07-05","10:0","4","60"
"2017-07-05","10:15","4","200"
"2017-07-05","10:30","4","193"
"2017-07-05","10:45","4","421"
"2017-07-05","11:0","4","111"
"2017-07-05","11:15","4","51"
"2017-07-05","11:30","3","0"
"2017-07-05","11:45","3","116"
"2017-07-05","12:0","3","137"
"2017-07-05","12:15","3","2"
"2017-07-05","12:30","3","186"
"2017-07-05","12:45","3","3"
"2017-07-05","13:0","3","0"
"2017-07-05","13:15","3","150"
"2017-07-05","13:30","3","82"
"2017-07-05","13:45","3","0"
"2017-07-05","14:0","3","0"
"2017-07-05","14:15","3","41"
"2017-07-05","14:30","5","137"
"2017-07-05","14:45","5","222"
"2017-07-05","15:0","6","9"
"2017-07-05","15:15","6","451"
"2017-07-05","15:30","6","468"
"2017-07-05","15:45","6","156"
"2017-07-05","16:0","5","133"
"2017-07-05","16:15","5","14"
"2017-07-05","16:30","3","0"
"2017-07-05","16:45","3","0"
"2017-07-05","17:0","2","0"
"2017-07-05","17:15","2","0"
"2017-07-05","17:30","2","0"
"2017-07-05","17:45","2","0"
"2017-07-05","18:0","4","164"
"2017-07-05","18:15","4","220"
"2017-07-05","18:30","5","133"
"2017-07-05","18:45","5","333"
"2017-07-05","19:0","5","188"
"2017-07-05","19:15","5","246"
"2017-07-05","19:30","5","150"
"2017-07-05","19:45","5","13"
"2017-07-05","1:0","1","9"
"2017-07-05","1:15","1","0"
"2017-07-05","1:30","1","0"
"2017-07-05","1:45","1","0"
"2017-07-05","20:0","2","0"
"2017-07-05","20:15","2","0"
"2017-07-05","20:30","1","0"
"2017-07-05","20:45","1","0"
"2017-07-05","21:0","1","0"
"2017-07-05","21:15","1","0"
"2017-07-05","21:30","1","0"
"2017-07-05","21:45","1","43"
"2017-07-05","22:0","1","0"
"2017-07-05","22:15","1","0"
"2017-07-05","22:30","1","0"
"2017-07-05","22:45","1","0"
"2017-07-05","23:0","1","0"
"2017-07-05","23:15","1","0"
"2017-07-05","23:30","1","0"
"2017-07-05","23:45","1","9"
"2017-07-05","2:0","1","0"
"2017-07-05","2:15","1","0"
"2017-07-05","2:30","1","0"
"2017-07-05","2:45","1","0"
"2017-07-05","3:0","1","0"
"2017-07-05","3:15","1","0"
"2017-07-05","3:30","1","0"
"2017-07-05","3:45","1","0"
"2017-07-05","4:0","1","0"
"2017-07-05","4:15","1","0"
"2017-07-05","4:30","3","129"
"2017-07-05","4:45","3","136"
"2017-07-05","5:0","4","140"
"2017-07-05","5:15","4","83"
"2017-07-05","5:30","6","60"
"2017-07-05","5:45","6","147"
"2017-07-05","6:0","7","254"
"2017-07-05","6:15","7","483"
"2017-07-05","6:30","9","37"
"2017-07-05","6:45","9","181"
"2017-07-05","7:0","9","675"
"2017-07-05","7:15","9","433"
"2017-07-05","7:30","9","496"
"2017-07-05","7:45","9","447"
"2017-07-05","8:0","9","127"
"2017-07-05","8:15","9","231"
"2017-07-05","8:30","7","218"
"2017-07-05","8:45","7","346"
"2017-07-05","9:0","5","122"
"2017-07-05","9:15","5","0"
"2017-07-05","9:30","4","0"
"2017-07-05","9:45","4","0"
"2017-07-06","0:0","1","6"
"2017-07-06","0:15","0","0"
"2017-07-06","0:30","1","0"
"2017-07-06","0:45","1","0"
"2017-07-06","10:0","3","60"
"2017-07-06","10:15","3","200"
"2017-07-06","10:30","4","148"
"2017-07-06","10:45","4","125"
"2017-07-06","11:0","4","98"
"2017-07-06","11:15","4","108"
"2017-07-06","11:30","3","0"
"2017-07-06","11:45","3","112"
"2017-07-06","12:0","3","151"
"2017-07-06","12:15","3","0"
"2017-07-06","12:30","3","190"
"2017-07-06","12:45","3","55"
"2017-07-06","13:0","3","0"
"2017-07-06","13:15","3","109"
"2017-07-06","13:30","3","14"
"2017-07-06","13:45","3","0"
"2017-07-06","14:0","3","0"
"2017-07-06","14:15","3","0"
"2017-07-06","14:30","4","0"
"2017-07-06","14:45","4","229"
"2017-07-06","15:0","5","130"
"2017-07-06","15:15","5","287"
"2017-07-06","15:30","5","430"
"2017-07-06","15:45","5","154"
"2017-07-06","16:0","5","117"
"2017-07-06","16:15","5","9"
"2017-07-06","16:30","3","0"
"2017-07-06","16:45","3","0"
"2017-07-06","17:0","2","0"
"2017-07-06","17:15","2","0"
"2017-07-06","17:30","2","1"
"2017-07-06","17:45","2","3"
"2017-07-06","18:0","4","165"
"2017-07-06","18:15","4","192"
"2017-07-06","18:30","5","242"
"2017-07-06","18:45","5","94"
"2017-07-06","19:0","5","283"
"2017-07-06","19:15","5","130"
"2017-07-06","19:30","4","110"
"2017-07-06","19:45","4","2"
"2017-07-06","1:0","1","0"
"2017-07-06","1:15","1","0"
"2017-07-06","1:30","1","0"
"2017-07-06","1:45","1","0"
"2017-07-06","20:0","2","0"
"2017-07-06","20:15","2","0"
"2017-07-06","20:30","1","0"
"2017-07-06","20:45","1","0"
"2017-07-06","21:0","1","1"
"2017-07-06","21:15","1","0"
"2017-07-06","21:30","1","0"
"2017-07-06","21:45","1","16"
"2017-07-06","22:0","1","0"
"2017-07-06","22:15","1","0"
"2017-07-06","22:30","1","0"
"2017-07-06","22:45","1","0"
"2017-07-06","23:0","1","0"
"2017-07-06","23:15","1","0"
"2017-07-06","23:30","1","0"
"2017-07-06","23:45","1","0"
"2017-07-06","2:0","1","0"
"2017-07-06","2:15","1","0"
"2017-07-06","2:30","1","0"
"2017-07-06","2:45","1","0"
"2017-07-06","3:0","1","0"
"2017-07-06","3:15","1","0"
"2017-07-06","3:30","1","0"
"2017-07-06","3:45","1","0"
"2017-07-06","4:0","1","0"
"2017-07-06","4:15","1","0"
"2017-07-06","4:30","3","0"
"2017-07-06","4:45","3","67"
"2017-07-06","5:0","4","237"
"2017-07-06","5:15","4","114"
"2017-07-06","5:30","5","57"
"2017-07-06","5:45","5","132"
"2017-07-06","6:0","6","178"
"2017-07-06","6:15","6","263"
"2017-07-06","6:30","8","270"
"2017-07-06","6:45","8","307"
"2017-07-06","7:0","9","590"
"2017-07-06","7:15","9","465"
"2017-07-06","7:30","9","413"
"2017-07-06","7:45","9","388"
"2017-07-06","8:0","9","78"
"2017-07-06","8:15","9","303"
"2017-07-06","8:30","7","186"
"2017-07-06","8:45","7","348"
"2017-07-06","9:0","5","113"
"2017-07-06","9:15","5","0"
"2017-07-06","9:30","3","0"
"2017-07-06","9:45","3","0"
"2017-07-07","0:0","1","0"
"2017-07-07","0:15","0","0"
"2017-07-07","0:30","1","0"
"2017-07-07","0:45","1","0"
"2017-07-07","10:0","3","58"
"2017-07-07","10:15","3","202"
"2017-07-07","10:30","4","138"
"2017-07-07","10:45","4","249"
"2017-07-07","11:0","4","112"
"2017-07-07","11:15","4","46"
"2017-07-07","11:30","3","0"
"2017-07-07","11:45","3","124"
"2017-07-07","12:0","3","177"
"2017-07-07","12:15","3","0"
"2017-07-07","12:30","3","211"
"2017-07-07","12:45","3","49"
"2017-07-07","13:0","3","0"
"2017-07-07","13:15","3","140"
"2017-07-07","13:30","3","48"
"2017-07-07","13:45","3","0"
"2017-07-07","14:0","3","0"
"2017-07-07","14:15","3","40"
"2017-07-07","14:30","4","139"
"2017-07-07","14:45","4","245"
"2017-07-07","15:0","6","131"
"2017-07-07","15:15","6","290"
"2017-07-07","15:30","6","471"
"2017-07-07","15:45","6","172"
"2017-07-07","16:0","6","106"
"2017-07-07","16:15","6","3"
"2017-07-07","16:30","3","0"
"2017-07-07","16:45","3","0"
"2017-07-07","17:0","2","0"
"2017-07-07","17:15","2","0"
"2017-07-07","17:30","2","0"
"2017-07-07","17:45","2","0"
"2017-07-07","18:0","4","188"
"2017-07-07","18:15","4","225"
"2017-07-07","18:30","4","121"
"2017-07-07","18:45","4","255"
"2017-07-07","19:0","4","183"
"2017-07-07","19:15","4","104"
"2017-07-07","19:30","3","92"
"2017-07-07","19:45","3","0"
"2017-07-07","1:0","1","0"
"2017-07-07","1:15","1","0"
"2017-07-07","1:30","1","0"
"2017-07-07","1:45","1","0"
"2017-07-07","20:0","2","0"
"2017-07-07","20:15","2","0"
"2017-07-07","20:30","1","0"
"2017-07-07","20:45","1","0"
"2017-07-07","21:0","1","0"
"2017-07-07","21:15","1","0"
"2017-07-07","21:30","1","0"
"2017-07-07","21:45","1","17"
"2017-07-07","22:0","1","0"
"2017-07-07","22:15","1","0"
"2017-07-07","22:30","1","0"
"2017-07-07","22:45","1","0"
"2017-07-07","23:0","1","0"
"2017-07-07","23:15","1","0"
"2017-07-07","23:30","1","0"
"2017-07-07","23:45","1","0"
"2017-07-07","2:0","1","0"
"2017-07-07","2:15","1","0"
"2017-07-07","2:30","1","0"
"2017-07-07","2:45","1","0"
"2017-07-07","3:0","1","0"
"2017-07-07","3:15","1","0"
"2017-07-07","3:30","1","0"
"2017-07-07","3:45","1","0"
"2017-07-07","4:0","1","0"
"2017-07-07","4:15","1","0"
"2017-07-07","4:30","2","0"
"2017-07-07","4:45","2","56"
"2017-07-07","5:0","3","145"
"2017-07-07","5:15","3","100"
"2017-07-07","5:30","4","62"
"2017-07-07","5:45","4","146"
"2017-07-07","6:0","6","219"
"2017-07-07","6:15","6","293"
"2017-07-07","6:30","8","248"
"2017-07-07","6:45","8","364"
"2017-07-07","7:0","9","430"
"2017-07-07","7:15","9","599"
"2017-07-07","7:30","9","474"
"2017-07-07","7:45","9","552"
"2017-07-07","8:0","8","84"
"2017-07-07","8:15","8","205"
"2017-07-07","8:30","6","161"
"2017-07-07","8:45","6","310"
"2017-07-07","9:0","4","134"
"2017-07-07","9:15","4","0"
"2017-07-07","9:30","3","0"
"2017-07-07","9:45","3","0"
"2017-07-08","0:0","1","0"
"2017-07-08","0:15","0","0"
"2017-07-08","0:30","1","0"
"2017-07-08","0:45","1","0"
"2017-07-08","10:0","3","0"
"2017-07-08","10:15","3","1"
"2017-07-08","10:30","3","139"
"2017-07-08","10:45","3","186"
"2017-07-08","11:0","3","48"
"2017-07-08","11:15","3","76"
"2017-07-08","11:30","3","0"
"2017-07-08","11:45","3","93"
"2017-07-08","12:0","3","119"
"2017-07-08","12:15","3","0"
"2017-07-08","12:30","3","216"
"2017-07-08","12:45","3","23"
"2017-07-08","13:0","3","0"
"2017-07-08","13:15","3","133"
"2017-07-08","13:30","3","114"
"2017-07-08","13:45","3","0"
"2017-07-08","14:0","3","0"
"2017-07-08","14:15","3","37"
"2017-07-08","14:30","5","105"
"2017-07-08","14:45","5","242"
"2017-07-08","15:0","7","8"
"2017-07-08","15:15","7","460"
"2017-07-08","15:30","7","601"
"2017-07-08","15:45","7","238"
"2017-07-08","16:0","6","84"
"2017-07-08","16:15","6","4"
"2017-07-08","16:30","2","0"
"2017-07-08","16:45","2","0"
"2017-07-08","17:0","2","0"
"2017-07-08","17:15","2","0"
"2017-07-08","17:30","2","0"
"2017-07-08","17:45","2","0"
"2017-07-08","18:0","4","180"
"2017-07-08","18:15","4","226"
"2017-07-08","18:30","4","88"
"2017-07-08","18:45","4","54"
"2017-07-08","19:0","4","145"
"2017-07-08","19:15","4","229"
"2017-07-08","19:30","3","118"
"2017-07-08","19:45","3","2"
"2017-07-08","1:0","1","0"
"2017-07-08","1:15","1","0"
"2017-07-08","1:30","1","0"
"2017-07-08","1:45","1","0"
"2017-07-08","20:0","2","0"
"2017-07-08","20:15","2","0"
"2017-07-08","20:30","1","0"
"2017-07-08","20:45","1","0"
"2017-07-08","21:0","1","2"
"2017-07-08","21:15","1","0"
"2017-07-08","21:30","1","0"
"2017-07-08","21:45","1","13"
"2017-07-08","22:0","1","0"
"2017-07-08","22:15","1","0"
"2017-07-08","22:30","1","0"
"2017-07-08","22:45","1","0"
"2017-07-08","23:0","1","0"
"2017-07-08","23:15","1","0"
"2017-07-08","23:30","1","0"
"2017-07-08","23:45","1","0"
"2017-07-08","2:0","1","0"
"2017-07-08","2:15","1","4"
"2017-07-08","2:30","1","1"
"2017-07-08","2:45","1","0"
"2017-07-08","3:0","1","0"
"2017-07-08","3:15","1","0"
"2017-07-08","3:30","1","0"
"2017-07-08","3:45","1","0"
"2017-07-08","4:0","1","0"
"2017-07-08","4:15","1","0"
"2017-07-08","4:30","3","116"
"2017-07-08","4:45","3","165"
"2017-07-08","5:0","4","221"
"2017-07-08","5:15","4","105"
"2017-07-08","5:30","5","59"
"2017-07-08","5:45","5","162"
"2017-07-08","6:0","6","250"
"2017-07-08","6:15","6","426"
"2017-07-08","6:30","9","33"
"2017-07-08","6:45","9","174"
"2017-07-08","7:0","9","653"
"2017-07-08","7:15","9","484"
"2017-07-08","7:30","9","379"
"2017-07-08","7:45","9","467"
"2017-07-08","8:0","8","103"
"2017-07-08","8:15","8","361"
"2017-07-08","8:30","6","154"
"2017-07-08","8:45","6","312"
"2017-07-08","9:0","4","101"
"2017-07-08","9:15","4","0"
"2017-07-08","9:30","3","0"
"2017-07-08","9:45","3","48"
"2017-07-09","0:0","1","0"
"2017-07-09","0:15","0","0"
"2017-07-09","0:30","1","8"
"2017-07-09","0:45","1","0"
"2017-07-09","10:0","4","59"
"2017-07-09","10:15","4","199"
"2017-07-09","10:30","4","152"
"2017-07-09","10:45","4","265"
"2017-07-09","11:0","4","111"
"2017-07-09","11:15","4","41"
"2017-07-09","11:30","3","0"
"2017-07-09","11:45","3","115"
"2017-07-09","12:0","3","166"
"2017-07-09","12:15","3","0"
"2017-07-09","12:30","3","200"
"2017-07-09","12:45","3","85"
"2017-07-09","13:0","3","0"
"2017-07-09","13:15","3","156"
"2017-07-09","13:30","3","128"
"2017-07-09","13:45","3","0"
"2017-07-09","14:0","3","0"
"2017-07-09","14:15","3","38"
"2017-07-09","14:30","5","120"
"2017-07-09","14:45","5","234"
"2017-07-09","15:0","6","161"
"2017-07-09","15:15","6","344"
"2017-07-09","15:30","6","479"
"2017-07-09","15:45","6","204"
"2017-07-09","16:0","5","201"
"2017-07-09","16:15","5","11"
"2017-07-09","16:30","2","0"
"2017-07-09","16:45","2","0"
"2017-07-09","17:0","2","0"
"2017-07-09","17:15","2","0"
"2017-07-09","17:30","2","0"
"2017-07-09","17:45","2","0"
"2017-07-09","18:0","4","162"
"2017-07-09","18:15","4","194"
"2017-07-09","18:30","4","252"
"2017-07-09","18:45","4","60"
"2017-07-09","19:0","4","117"
"2017-07-09","19:15","4","0"
"2017-07-09","19:30","3","136"
"2017-07-09","19:45","3","49"
"2017-07-09","1:0","1","0"
"2017-07-09","1:15","1","1"
"2017-07-09","1:30","1","5"
"2017-07-09","1:45","1","0"
"2017-07-09","20:0","2","0"
"2017-07-09","20:15","2","0"
"2017-07-09","20:30","1","0"
"2017-07-09","20:45","1","0"
"2017-07-09","21:0","1","0"
"2017-07-09","21:15","1","0"
"2017-07-09","21:30","1","0"
"2017-07-09","21:45","1","25"
"2017-07-09","22:0","1","0"
"2017-07-09","22:15","1","0"
"2017-07-09","22:30","1","0"
"2017-07-09","22:45","1","0"
"2017-07-09","23:0","1","0"
"2017-07-09","23:15","1","0"
"2017-07-09","23:30","1","0"
"2017-07-09","23:45","1","0"
"2017-07-09","2:0","1","0"
"2017-07-09","2:15","1","0"
"2017-07-09","2:30","1","0"
"2017-07-09","2:45","1","0"
"2017-07-09","3:0","1","0"
"2017-07-09","3:15","1","0"
"2017-07-09","3:30","1","0"
"2017-07-09","3:45","1","0"
"2017-07-09","4:0","1","0"
"2017-07-09","4:15","1","0"
"2017-07-09","4:30","2","107"
"2017-07-09","4:45","2","144"
"2017-07-09","5:0","3","160"
"2017-07-09","5:15","3","84"
"2017-07-09","5:30","5","60"
"2017-07-09","5:45","5","167"
"2017-07-09","6:0","6","196"
"2017-07-09","6:15","6","242"
"2017-07-09","6:30","8","174"
"2017-07-09","6:45","8","200"
"2017-07-09","7:0","9","650"
"2017-07-09","7:15","9","372"
"2017-07-09","7:30","9","559"
"2017-07-09","7:45","9","351"
"2017-07-09","8:0","8","275"
"2017-07-09","8:15","8","211"
"2017-07-09","8:30","6","226"
"2017-07-09","8:45","6","330"
"2017-07-09","9:0","4","85"
"2017-07-09","9:15","4","0"
"2017-07-09","9:30","4","0"
"2017-07-09","9:45","4","0"
"2017-07-10","0:0","19","0"
"2017-07-10","0:15","19","0"
"2017-07-10","0:30","19","0"
"2017-07-10","0:45","19","0"
"2017-07-10","10:0","19","0"
"2017-07-10","10:15","19","1"
"2017-07-10","10:30","19","86"
"2017-07-10","10:45","19","137"
"2017-07-10","11:0","19","31"
"2017-07-10","11:15","19","38"
"2017-07-10","11:30","19","0"
"2017-07-10","11:45","19","110"
"2017-07-10","12:0","19","127"
"2017-07-10","12:15","19","0"
"2017-07-10","12:30","19","229"
"2017-07-10","12:45","19","21"
"2017-07-10","13:0","19","0"
"2017-07-10","13:15","19","161"
"2017-07-10","13:30","19","100"
"2017-07-10","13:45","19","0"
"2017-07-10","14:0","19","0"
"2017-07-10","14:15","19","42"
"2017-07-10","14:30","19","126"
"2017-07-10","14:45","19","246"
"2017-07-10","15:0","19","143"
"2017-07-10","15:15","19","353"
"2017-07-10","15:30","19","483"
"2017-07-10","15:45","19","223"
"2017-07-10","16:0","19","206"
"2017-07-10","16:15","19","15"
"2017-07-10","16:30","19","0"
"2017-07-10","16:45","19","0"
"2017-07-10","17:0","19","0"
"2017-07-10","17:15","19","0"
"2017-07-10","17:30","19","0"
"2017-07-10","17:45","19","0"
"2017-07-10","18:0","19","217"
"2017-07-10","18:15","19","213"
"2017-07-10","18:30","19","101"
"2017-07-10","18:45","19","253"
"2017-07-10","19:0","19","176"
"2017-07-10","19:15","19","172"
"2017-07-10","19:30","19","90"
"2017-07-10","19:45","19","3"
"2017-07-10","1:0","19","0"
"2017-07-10","1:15","19","0"
"2017-07-10","1:30","19","0"
"2017-07-10","1:45","19","0"
"2017-07-10","20:0","19","0"
"2017-07-10","20:15","19","0"
"2017-07-10","20:30","19","0"
"2017-07-10","20:45","19","0"
"2017-07-10","21:0","19","0"
"2017-07-10","21:15","19","0"
"2017-07-10","21:30","19","0"
"2017-07-10","21:45","19","23"
"2017-07-10","22:0","19","0"
"2017-07-10","22:15","19","0"
"2017-07-10","22:30","19","0"
"2017-07-10","22:45","19","0"
"2017-07-10","23:0","19","0"
"2017-07-10","23:15","19","0"
"2017-07-10","23:30","19","0"
"2017-07-10","23:45","19","0"
"2017-07-10","2:0","19","0"
"2017-07-10","2:15","19","5"
"2017-07-10","2:30","19","0"
"2017-07-10","2:45","19","0"
"2017-07-10","3:0","19","0"
"2017-07-10","3:15","19","0"
"2017-07-10","3:30","19","0"
"2017-07-10","3:45","19","0"
"2017-07-10","4:0","19","0"
"2017-07-10","4:15","19","0"
"2017-07-10","4:30","19","111"
"2017-07-10","4:45","19","147"
"2017-07-10","5:0","19","111"
"2017-07-10","5:15","19","121"
"2017-07-10","5:30","19","60"
"2017-07-10","5:45","19","179"
"2017-07-10","6:0","19","192"
"2017-07-10","6:15","19","460"
"2017-07-10","6:30","19","63"
"2017-07-10","6:45","19","354"
"2017-07-10","7:0","19","428"
"2017-07-10","7:15","19","576"
"2017-07-10","7:30","19","415"
"2017-07-10","7:45","19","371"
"2017-07-10","8:0","19","170"
"2017-07-10","8:15","19","271"
"2017-07-10","8:30","19","219"
"2017-07-10","8:45","19","164"
"2017-07-10","9:0","19","10"
"2017-07-10","9:15","19","0"
"2017-07-10","9:30","19","0"
"2017-07-10","9:45","19","6"
"2017-07-11","0:0","19","0"
"2017-07-11","0:15","19","0"
"2017-07-11","0:30","19","0"
"2017-07-11","0:45","19","0"
"2017-07-11","10:0","19","58"
"2017-07-11","10:15","19","203"
"2017-07-11","10:30","19","81"
"2017-07-11","10:45","19","105"
"2017-07-11","11:0","19","36"
"2017-07-11","11:15","19","48"
"2017-07-11","11:30","19","0"
"2017-07-11","11:45","19","130"
"2017-07-11","12:0","19","167"
"2017-07-11","12:15","19","2"
"2017-07-11","12:30","19","220"
"2017-07-11","12:45","19","20"
"2017-07-11","13:0","19","0"
"2017-07-11","13:15","19","161"
"2017-07-11","13:30","19","79"
"2017-07-11","13:45","19","0"
"2017-07-11","14:0","19","0"
"2017-07-11","14:15","19","47"
"2017-07-11","14:30","19","112"
"2017-07-11","14:45","19","251"
"2017-07-11","15:0","19","121"
"2017-07-11","15:15","19","264"
"2017-07-11","15:30","19","543"
"2017-07-11","15:45","19","259"
"2017-07-11","16:0","19","226"
"2017-07-11","16:15","19","15"
"2017-07-11","16:30","19","0"
"2017-07-11","16:45","19","0"
"2017-07-11","17:0","19","0"
"2017-07-11","17:15","19","0"
"2017-07-11","17:30","19","0"
"2017-07-11","17:45","19","0"
"2017-07-11","18:0","19","203"
"2017-07-11","18:15","19","185"
"2017-07-11","18:30","19","243"
"2017-07-11","18:45","19","80"
"2017-07-11","19:0","19","123"
"2017-07-11","19:15","19","1"
"2017-07-11","19:30","19","112"
"2017-07-11","19:45","19","2"
"2017-07-11","1:0","19","0"
"2017-07-11","1:15","19","0"
"2017-07-11","1:30","19","1"
"2017-07-11","1:45","19","0"
"2017-07-11","20:0","19","0"
"2017-07-11","20:15","19","0"
"2017-07-11","20:30","19","0"
"2017-07-11","20:45","19","0"
"2017-07-11","21:0","19","1"
"2017-07-11","21:15","19","0"
"2017-07-11","21:30","19","0"
"2017-07-11","21:45","19","15"
"2017-07-11","22:0","19","0"
"2017-07-11","22:15","19","0"
"2017-07-11","22:30","19","0"
"2017-07-11","22:45","19","0"
"2017-07-11","23:0","19","0"
"2017-07-11","23:15","19","0"
"2017-07-11","23:30","19","0"
"2017-07-11","23:45","19","0"
"2017-07-11","2:0","19","0"
"2017-07-11","2:15","19","0"
"2017-07-11","2:30","19","0"
"2017-07-11","2:45","19","0"
"2017-07-11","3:0","19","0"
"2017-07-11","3:15","19","0"
"2017-07-11","3:30","19","0"
"2017-07-11","3:45","19","0"
"2017-07-11","4:0","19","0"
"2017-07-11","4:15","19","0"
"2017-07-11","4:30","19","0"
"2017-07-11","4:45","19","79"
"2017-07-11","5:0","19","151"
"2017-07-11","5:15","19","79"
"2017-07-11","5:30","19","60"
"2017-07-11","5:45","19","230"
"2017-07-11","6:0","19","236"
"2017-07-11","6:15","19","221"
"2017-07-11","6:30","19","173"
"2017-07-11","6:45","19","182"
"2017-07-11","7:0","19","668"
"2017-07-11","7:15","19","701"
"2017-07-11","7:30","19","465"
"2017-07-11","7:45","19","438"
"2017-07-11","8:0","19","87"
"2017-07-11","8:15","19","163"
"2017-07-11","8:30","19","246"
"2017-07-11","8:45","19","360"
"2017-07-11","9:0","19","112"
"2017-07-11","9:15","19","0"
"2017-07-11","9:30","19","0"
"2017-07-11","9:45","19","0"
"2017-07-12","0:0","19","0"
"2017-07-12","0:15","19","2"
"2017-07-12","0:30","19","1"
"2017-07-12","0:45","19","0"
"2017-07-12","10:0","19","58"
"2017-07-12","10:15","19","203"
"2017-07-12","10:30","19","151"
"2017-07-12","10:45","19","375"
"2017-07-12","11:0","19","111"
"2017-07-12","11:15","19","33"
"2017-07-12","11:30","19","0"
"2017-07-12","11:45","19","95"
"2017-07-12","12:0","19","98"
"2017-07-12","12:15","19","3"
"2017-07-12","12:30","19","188"
"2017-07-12","12:45","19","8"
"2017-07-12","13:0","19","0"
"2017-07-12","13:15","19","157"
"2017-07-12","13:30","19","112"
"2017-07-12","13:45","19","0"
"2017-07-12","14:0","19","0"
"2017-07-12","14:15","19","35"
"2017-07-12","14:30","19","123"
"2017-07-12","14:45","19","246"
"2017-07-12","15:0","19","8"
"2017-07-12","15:15","19","523"
"2017-07-12","15:30","19","475"
"2017-07-12","15:45","19","208"
"2017-07-12","16:0","19","184"
"2017-07-12","16:15","19","9"
"2017-07-12","16:30","19","0"
"2017-07-12","16:45","19","0"
"2017-07-12","17:0","19","0"
"2017-07-12","17:15","19","0"
"2017-07-12","17:30","19","0"
"2017-07-12","17:45","19","0"
"2017-07-12","18:0","19","285"
"2017-07-12","18:15","19","118"
"2017-07-12","18:30","19","190"
"2017-07-12","18:45","19","233"
"2017-07-12","19:0","19","108"
"2017-07-12","19:15","19","209"
"2017-07-12","19:30","19","105"
"2017-07-12","19:45","19","15"
"2017-07-12","1:0","19","0"
"2017-07-12","1:15","19","0"
"2017-07-12","1:30","19","0"
"2017-07-12","1:45","19","0"
"2017-07-12","20:0","19","0"
"2017-07-12","20:15","19","0"
"2017-07-12","20:30","19","0"
"2017-07-12","20:45","19","0"
"2017-07-12","21:0","19","0"
"2017-07-12","21:15","19","0"
"2017-07-12","21:30","19","0"
"2017-07-12","21:45","19","28"
"2017-07-12","22:0","19","0"
"2017-07-12","22:15","19","0"
"2017-07-12","22:30","19","0"
"2017-07-12","22:45","19","0"
"2017-07-12","23:0","19","0"
"2017-07-12","23:15","19","0"
"2017-07-12","23:30","19","0"
"2017-07-12","23:45","19","4"
"2017-07-12","2:0","19","0"
"2017-07-12","2:15","19","0"
"2017-07-12","2:30","19","0"
"2017-07-12","2:45","19","0"
"2017-07-12","3:0","19","0"
"2017-07-12","3:15","19","0"
"2017-07-12","3:30","19","0"
"2017-07-12","3:45","19","0"
"2017-07-12","4:0","19","0"
"2017-07-12","4:15","19","0"
"2017-07-12","4:30","19","133"
"2017-07-12","4:45","19","107"
"2017-07-12","5:0","19","145"
"2017-07-12","5:15","19","54"
"2017-07-12","5:30","19","60"
"2017-07-12","5:45","19","221"
"2017-07-12","6:0","19","244"
"2017-07-12","6:15","19","429"
"2017-07-12","6:30","19","30"
"2017-07-12","6:45","19","188"
"2017-07-12","7:0","19","631"
"2017-07-12","7:15","19","482"
"2017-07-12","7:30","19","493"
"2017-07-12","7:45","19","416"
"2017-07-12","8:0","19","100"
"2017-07-12","8:15","19","198"
"2017-07-12","8:30","19","210"
"2017-07-12","8:45","19","408"
"2017-07-12","9:0","19","123"
"2017-07-12","9:15","19","0"
"2017-07-12","9:30","19","0"
"2017-07-12","9:45","19","0"
"2017-07-13","0:0","19","0"
"2017-07-13","0:15","19","0"
"2017-07-13","0:30","19","0"
"2017-07-13","0:45","19","0"
"2017-07-13","10:0","19","58"
"2017-07-13","10:15","19","204"
"2017-07-13","10:30","19","154"
"2017-07-13","10:45","19","117"
"2017-07-13","11:0","19","99"
"2017-07-13","11:15","19","107"
"2017-07-13","11:30","19","0"
"2017-07-13","11:45","19","110"
"2017-07-13","12:0","19","153"
"2017-07-13","12:15","19","0"
"2017-07-13","12:30","19","189"
"2017-07-13","12:45","19","56"
"2017-07-13","13:0","19","0"
"2017-07-13","13:15","19","110"
"2017-07-13","13:30","19","13"
"2017-07-13","13:45","19","0"
"2017-07-13","14:0","19","0"
"2017-07-13","14:15","19","0"
"2017-07-13","14:30","19","0"
"2017-07-13","14:45","19","227"
"2017-07-13","15:0","19","131"
"2017-07-13","15:15","19","288"
"2017-07-13","15:30","19","428"
"2017-07-13","15:45","19","156"
"2017-07-13","16:0","19","174"
"2017-07-13","16:15","19","13"
"2017-07-13","16:30","19","0"
"2017-07-13","16:45","19","0"
"2017-07-13","17:0","19","0"
"2017-07-13","17:15","19","0"
"2017-07-13","17:30","19","1"
"2017-07-13","17:45","19","5"
"2017-07-13","18:0","19","231"
"2017-07-13","18:15","19","123"
"2017-07-13","18:30","19","245"
"2017-07-13","18:45","19","98"
"2017-07-13","19:0","19","279"
"2017-07-13","19:15","19","59"
"2017-07-13","19:30","19","100"
"2017-07-13","19:45","19","1"
"2017-07-13","1:0","19","0"
"2017-07-13","1:15","19","0"
"2017-07-13","1:30","19","0"
"2017-07-13","1:45","19","0"
"2017-07-13","20:0","19","0"
"2017-07-13","20:15","19","0"
"2017-07-13","20:30","19","0"
"2017-07-13","20:45","19","0"
"2017-07-13","21:0","19","1"
"2017-07-13","21:15","19","0"
"2017-07-13","21:30","19","0"
"2017-07-13","21:45","19","16"
"2017-07-13","22:0","19","0"
"2017-07-13","22:15","19","0"
"2017-07-13","22:30","19","0"
"2017-07-13","22:45","19","0"
"2017-07-13","23:0","19","0"
"2017-07-13","23:15","19","0"
"2017-07-13","23:30","19","0"
"2017-07-13","23:45","19","0"
"2017-07-13","2:0","19","0"
"2017-07-13","2:15","19","0"
"2017-07-13","2:30","19","0"
"2017-07-13","2:45","19","0"
"2017-07-13","3:0","19","0"
"2017-07-13","3:15","19","0"
"2017-07-13","3:30","19","0"
"2017-07-13","3:45","19","0"
"2017-07-13","4:0","19","0"
"2017-07-13","4:15","19","0"
"2017-07-13","4:30","19","0"
"2017-07-13","4:45","19","67"
"2017-07-13","5:0","19","239"
"2017-07-13","5:15","19","109"
"2017-07-13","5:30","19","59"
"2017-07-13","5:45","19","133"
"2017-07-13","6:0","19","182"
"2017-07-13","6:15","19","262"
"2017-07-13","6:30","19","268"
"2017-07-13","6:45","19","303"
"2017-07-13","7:0","19","595"
"2017-07-13","7:15","19","460"
"2017-07-13","7:30","19","416"
"2017-07-13","7:45","19","369"
"2017-07-13","8:0","19","77"
"2017-07-13","8:15","19","303"
"2017-07-13","8:30","19","177"
"2017-07-13","8:45","19","352"
"2017-07-13","9:0","19","106"
"2017-07-13","9:15","19","0"
"2017-07-13","9:30","19","0"
"2017-07-13","9:45","19","0"
"2017-07-14","0:0","19","1"
"2017-07-14","0:15","19","1"
"2017-07-14","0:30","19","0"
"2017-07-14","0:45","19","0"
"2017-07-14","10:0","19","58"
"2017-07-14","10:15","19","202"
"2017-07-14","10:30","19","145"
"2017-07-14","10:45","19","245"
"2017-07-14","11:0","19","108"
"2017-07-14","11:15","19","47"
"2017-07-14","11:30","19","0"
"2017-07-14","11:45","19","124"
"2017-07-14","12:0","19","177"
"2017-07-14","12:15","19","0"
"2017-07-14","12:30","19","211"
"2017-07-14","12:45","19","49"
"2017-07-14","13:0","19","0"
"2017-07-14","13:15","19","138"
"2017-07-14","13:30","19","50"
"2017-07-14","13:45","19","0"
"2017-07-14","14:0","19","0"
"2017-07-14","14:15","19","38"
"2017-07-14","14:30","19","141"
"2017-07-14","14:45","19","243"
"2017-07-14","15:0","19","136"
"2017-07-14","15:15","19","286"
"2017-07-14","15:30","19","472"
"2017-07-14","15:45","19","172"
"2017-07-14","16:0","19","188"
"2017-07-14","16:15","19","7"
"2017-07-14","16:30","19","0"
"2017-07-14","16:45","19","0"
"2017-07-14","17:0","19","0"
"2017-07-14","17:15","19","0"
"2017-07-14","17:30","19","0"
"2017-07-14","17:45","19","0"
"2017-07-14","18:0","19","189"
"2017-07-14","18:15","19","224"
"2017-07-14","18:30","19","172"
"2017-07-14","18:45","19","235"
"2017-07-14","19:0","19","152"
"2017-07-14","19:15","19","3"
"2017-07-14","19:30","19","80"
"2017-07-14","19:45","19","0"
"2017-07-14","1:0","19","0"
"2017-07-14","1:15","19","0"
"2017-07-14","1:30","19","0"
"2017-07-14","1:45","19","0"
"2017-07-14","20:0","19","0"
"2017-07-14","20:15","19","0"
"2017-07-14","20:30","19","0"
"2017-07-14","20:45","19","0"
"2017-07-14","21:0","19","0"
"2017-07-14","21:15","19","0"
"2017-07-14","21:30","19","0"
"2017-07-14","21:45","19","17"
"2017-07-14","22:0","19","0"
"2017-07-14","22:15","19","0"
"2017-07-14","22:30","19","0"
"2017-07-14","22:45","19","0"
"2017-07-14","23:0","19","0"
"2017-07-14","23:15","19","0"
"2017-07-14","23:30","19","0"
"2017-07-14","23:45","19","0"
"2017-07-14","2:0","19","0"
"2017-07-14","2:15","19","0"
"2017-07-14","2:30","19","0"
"2017-07-14","2:45","19","0"
"2017-07-14","3:0","19","0"
"2017-07-14","3:15","19","0"
"2017-07-14","3:30","19","0"
"2017-07-14","3:45","19","0"
"2017-07-14","4:0","19","0"
"2017-07-14","4:15","19","0"
"2017-07-14","4:30","19","0"
"2017-07-14","4:45","19","56"
"2017-07-14","5:0","19","145"
"2017-07-14","5:15","19","100"
"2017-07-14","5:30","19","62"
"2017-07-14","5:45","19","146"
"2017-07-14","6:0","19","219"
"2017-07-14","6:15","19","293"
"2017-07-14","6:30","19","248"
"2017-07-14","6:45","19","364"
"2017-07-14","7:0","19","430"
"2017-07-14","7:15","19","599"
"2017-07-14","7:30","19","474"
"2017-07-14","7:45","19","579"
"2017-07-14","8:0","19","75"
"2017-07-14","8:15","19","214"
"2017-07-14","8:30","19","156"
"2017-07-14","8:45","19","323"
"2017-07-14","9:0","19","126"
"2017-07-14","9:15","19","0"
"2017-07-14","9:30","19","0"
"2017-07-14","9:45","19","0"
