"DAY","INTERVAL_15MIN","PLANNED_LANES_SECURITY","TRANSFERFILTER_GH"
"2017-06-17","0:0","0","0"
"2017-06-17","0:15","0","0"
"2017-06-17","0:30","0","0"
"2017-06-17","0:45","0","0"
"2017-06-17","10:0","2","0"
"2017-06-17","10:15","2","0"
"2017-06-17","10:30","1","0"
"2017-06-17","10:45","1","0"
"2017-06-17","11:0","1","0"
"2017-06-17","11:15","1","0"
"2017-06-17","11:30","1","6"
"2017-06-17","11:45","1","1"
"2017-06-17","12:0","1","35"
"2017-06-17","12:15","1","0"
"2017-06-17","12:30","1","0"
"2017-06-17","12:45","1","0"
"2017-06-17","13:0","1","0"
"2017-06-17","13:15","1","7"
"2017-06-17","13:30","1","2"
"2017-06-17","13:45","1","0"
"2017-06-17","14:0","1","0"
"2017-06-17","14:15","1","5"
"2017-06-17","14:30","1","0"
"2017-06-17","14:45","1","0"
"2017-06-17","15:0","1","0"
"2017-06-17","15:15","1","2"
"2017-06-17","15:30","1","1"
"2017-06-17","15:45","1","0"
"2017-06-17","16:0","1","0"
"2017-06-17","16:15","1","0"
"2017-06-17","16:30","1","0"
"2017-06-17","16:45","1","5"
"2017-06-17","17:0","1","0"
"2017-06-17","17:15","1","12"
"2017-06-17","17:30","1","13"
"2017-06-17","17:45","1","4"
"2017-06-17","18:0","1","1"
"2017-06-17","18:15","1","0"
"2017-06-17","18:30","1","0"
"2017-06-17","18:45","1","0"
"2017-06-17","19:0","1","0"
"2017-06-17","19:15","1","0"
"2017-06-17","19:30","1","1"
"2017-06-17","19:45","1","4"
"2017-06-17","1:0","0","0"
"2017-06-17","1:15","0","0"
"2017-06-17","1:30","0","0"
"2017-06-17","1:45","0","0"
"2017-06-17","20:0","1","2"
"2017-06-17","20:15","1","2"
"2017-06-17","20:30","1","0"
"2017-06-17","20:45","1","0"
"2017-06-17","21:0","1","0"
"2017-06-17","21:15","1","0"
"2017-06-17","21:30","1","0"
"2017-06-17","21:45","1","0"
"2017-06-17","22:0","1","0"
"2017-06-17","22:15","1","10"
"2017-06-17","22:30","1","12"
"2017-06-17","22:45","1","0"
"2017-06-17","23:0","1","0"
"2017-06-17","23:15","1","0"
"2017-06-17","23:30","0","0"
"2017-06-17","23:45","0","0"
"2017-06-17","2:0","0","0"
"2017-06-17","2:15","0","0"
"2017-06-17","2:30","0","0"
"2017-06-17","2:45","0","0"
"2017-06-17","3:0","0","0"
"2017-06-17","3:15","0","0"
"2017-06-17","3:30","0","0"
"2017-06-17","3:45","0","0"
"2017-06-17","4:0","0","0"
"2017-06-17","4:15","0","0"
"2017-06-17","4:30","1","0"
"2017-06-17","4:45","1","0"
"2017-06-17","5:0","1","0"
"2017-06-17","5:15","1","0"
"2017-06-17","5:30","2","0"
"2017-06-17","5:45","2","0"
"2017-06-17","6:0","2","0"
"2017-06-17","6:15","2","0"
"2017-06-17","6:30","2","0"
"2017-06-17","6:45","2","30"
"2017-06-17","7:0","3","7"
"2017-06-17","7:15","3","19"
"2017-06-17","7:30","3","6"
"2017-06-17","7:45","3","14"
"2017-06-17","8:0","4","102"
"2017-06-17","8:15","4","119"
"2017-06-17","8:30","4","36"
"2017-06-17","8:45","4","0"
"2017-06-17","9:0","4","0"
"2017-06-17","9:15","4","23"
"2017-06-17","9:30","3","0"
"2017-06-17","9:45","3","13"
"2017-06-18","0:0","0","0"
"2017-06-18","0:15","0","0"
"2017-06-18","0:30","0","0"
"2017-06-18","0:45","0","0"
"2017-06-18","10:0","2","0"
"2017-06-18","10:15","2","0"
"2017-06-18","10:30","1","0"
"2017-06-18","10:45","1","0"
"2017-06-18","11:0","1","0"
"2017-06-18","11:15","1","0"
"2017-06-18","11:30","1","4"
"2017-06-18","11:45","1","3"
"2017-06-18","12:0","1","36"
"2017-06-18","12:15","1","0"
"2017-06-18","12:30","1","0"
"2017-06-18","12:45","1","0"
"2017-06-18","13:0","1","0"
"2017-06-18","13:15","1","5"
"2017-06-18","13:30","1","62"
"2017-06-18","13:45","1","0"
"2017-06-18","14:0","1","0"
"2017-06-18","14:15","1","7"
"2017-06-18","14:30","1","0"
"2017-06-18","14:45","1","0"
"2017-06-18","15:0","1","0"
"2017-06-18","15:15","1","1"
"2017-06-18","15:30","1","0"
"2017-06-18","15:45","1","0"
"2017-06-18","16:0","1","0"
"2017-06-18","16:15","1","0"
"2017-06-18","16:30","1","0"
"2017-06-18","16:45","1","1"
"2017-06-18","17:0","1","0"
"2017-06-18","17:15","1","8"
"2017-06-18","17:30","1","16"
"2017-06-18","17:45","1","3"
"2017-06-18","18:0","1","0"
"2017-06-18","18:15","1","0"
"2017-06-18","18:30","1","0"
"2017-06-18","18:45","1","0"
"2017-06-18","19:0","1","0"
"2017-06-18","19:15","1","0"
"2017-06-18","19:30","1","0"
"2017-06-18","19:45","1","0"
"2017-06-18","1:0","0","0"
"2017-06-18","1:15","0","0"
"2017-06-18","1:30","0","0"
"2017-06-18","1:45","0","0"
"2017-06-18","20:0","1","2"
"2017-06-18","20:15","1","1"
"2017-06-18","20:30","1","0"
"2017-06-18","20:45","1","0"
"2017-06-18","21:0","1","0"
"2017-06-18","21:15","1","0"
"2017-06-18","21:30","1","0"
"2017-06-18","21:45","1","0"
"2017-06-18","22:0","1","0"
"2017-06-18","22:15","1","13"
"2017-06-18","22:30","1","15"
"2017-06-18","22:45","1","0"
"2017-06-18","23:0","1","0"
"2017-06-18","23:15","1","0"
"2017-06-18","23:30","0","0"
"2017-06-18","23:45","0","0"
"2017-06-18","2:0","0","0"
"2017-06-18","2:15","0","0"
"2017-06-18","2:30","0","0"
"2017-06-18","2:45","0","0"
"2017-06-18","3:0","0","0"
"2017-06-18","3:15","0","0"
"2017-06-18","3:30","0","0"
"2017-06-18","3:45","0","0"
"2017-06-18","4:0","0","0"
"2017-06-18","4:15","0","0"
"2017-06-18","4:30","1","0"
"2017-06-18","4:45","1","0"
"2017-06-18","5:0","1","0"
"2017-06-18","5:15","1","0"
"2017-06-18","5:30","1","0"
"2017-06-18","5:45","1","0"
"2017-06-18","6:0","3","0"
"2017-06-18","6:15","3","0"
"2017-06-18","6:30","3","0"
"2017-06-18","6:45","3","28"
"2017-06-18","7:0","3","5"
"2017-06-18","7:15","3","23"
"2017-06-18","7:30","4","9"
"2017-06-18","7:45","4","0"
"2017-06-18","8:0","4","61"
"2017-06-18","8:15","4","82"
"2017-06-18","8:30","4","70"
"2017-06-18","8:45","4","15"
"2017-06-18","9:0","4","0"
"2017-06-18","9:15","4","19"
"2017-06-18","9:30","3","0"
"2017-06-18","9:45","3","7"
"2017-06-19","0:0","0","0"
"2017-06-19","0:15","0","0"
"2017-06-19","0:30","0","0"
"2017-06-19","0:45","0","0"
"2017-06-19","10:0","2","0"
"2017-06-19","10:15","2","0"
"2017-06-19","10:30","1","0"
"2017-06-19","10:45","1","0"
"2017-06-19","11:0","1","0"
"2017-06-19","11:15","1","0"
"2017-06-19","11:30","1","0"
"2017-06-19","11:45","1","0"
"2017-06-19","12:0","1","48"
"2017-06-19","12:15","1","1"
"2017-06-19","12:30","1","0"
"2017-06-19","12:45","1","0"
"2017-06-19","13:0","1","0"
"2017-06-19","13:15","1","6"
"2017-06-19","13:30","1","1"
"2017-06-19","13:45","1","0"
"2017-06-19","14:0","1","0"
"2017-06-19","14:15","1","6"
"2017-06-19","14:30","1","0"
"2017-06-19","14:45","1","51"
"2017-06-19","15:0","1","0"
"2017-06-19","15:15","1","0"
"2017-06-19","15:30","1","0"
"2017-06-19","15:45","1","0"
"2017-06-19","16:0","1","0"
"2017-06-19","16:15","1","0"
"2017-06-19","16:30","1","0"
"2017-06-19","16:45","1","7"
"2017-06-19","17:0","1","2"
"2017-06-19","17:15","1","9"
"2017-06-19","17:30","1","7"
"2017-06-19","17:45","1","4"
"2017-06-19","18:0","1","0"
"2017-06-19","18:15","1","0"
"2017-06-19","18:30","1","0"
"2017-06-19","18:45","1","0"
"2017-06-19","19:0","1","0"
"2017-06-19","19:15","1","0"
"2017-06-19","19:30","1","0"
"2017-06-19","19:45","1","0"
"2017-06-19","1:0","0","0"
"2017-06-19","1:15","0","0"
"2017-06-19","1:30","0","0"
"2017-06-19","1:45","0","0"
"2017-06-19","20:0","1","2"
"2017-06-19","20:15","1","0"
"2017-06-19","20:30","1","0"
"2017-06-19","20:45","1","0"
"2017-06-19","21:0","1","0"
"2017-06-19","21:15","1","0"
"2017-06-19","21:30","1","0"
"2017-06-19","21:45","1","0"
"2017-06-19","22:0","1","0"
"2017-06-19","22:15","1","14"
"2017-06-19","22:30","1","13"
"2017-06-19","22:45","1","0"
"2017-06-19","23:0","1","0"
"2017-06-19","23:15","1","0"
"2017-06-19","23:30","0","0"
"2017-06-19","23:45","0","0"
"2017-06-19","2:0","0","0"
"2017-06-19","2:15","0","0"
"2017-06-19","2:30","0","0"
"2017-06-19","2:45","0","0"
"2017-06-19","3:0","0","0"
"2017-06-19","3:15","0","0"
"2017-06-19","3:30","0","0"
"2017-06-19","3:45","0","0"
"2017-06-19","4:0","0","0"
"2017-06-19","4:15","0","0"
"2017-06-19","4:30","1","0"
"2017-06-19","4:45","1","0"
"2017-06-19","5:0","1","0"
"2017-06-19","5:15","1","0"
"2017-06-19","5:30","2","0"
"2017-06-19","5:45","2","0"
"2017-06-19","6:0","2","0"
"2017-06-19","6:15","2","0"
"2017-06-19","6:30","3","0"
"2017-06-19","6:45","3","42"
"2017-06-19","7:0","3","10"
"2017-06-19","7:15","3","23"
"2017-06-19","7:30","4","5"
"2017-06-19","7:45","4","0"
"2017-06-19","8:0","4","93"
"2017-06-19","8:15","4","124"
"2017-06-19","8:30","4","59"
"2017-06-19","8:45","4","0"
"2017-06-19","9:0","4","0"
"2017-06-19","9:15","4","18"
"2017-06-19","9:30","3","0"
"2017-06-19","9:45","3","12"
"2017-06-20","0:0","0","0"
"2017-06-20","0:15","0","0"
"2017-06-20","0:30","0","0"
"2017-06-20","0:45","0","0"
"2017-06-20","10:0","1","0"
"2017-06-20","10:15","1","0"
"2017-06-20","10:30","1","0"
"2017-06-20","10:45","1","0"
"2017-06-20","11:0","1","0"
"2017-06-20","11:15","1","0"
"2017-06-20","11:30","1","5"
"2017-06-20","11:45","1","1"
"2017-06-20","12:0","1","40"
"2017-06-20","12:15","1","0"
"2017-06-20","12:30","1","0"
"2017-06-20","12:45","1","0"
"2017-06-20","13:0","1","76"
"2017-06-20","13:15","1","5"
"2017-06-20","13:30","1","4"
"2017-06-20","13:45","1","2"
"2017-06-20","14:0","1","0"
"2017-06-20","14:15","1","5"
"2017-06-20","14:30","1","0"
"2017-06-20","14:45","1","0"
"2017-06-20","15:0","1","0"
"2017-06-20","15:15","1","1"
"2017-06-20","15:30","1","0"
"2017-06-20","15:45","1","0"
"2017-06-20","16:0","1","0"
"2017-06-20","16:15","1","0"
"2017-06-20","16:30","1","0"
"2017-06-20","16:45","1","2"
"2017-06-20","17:0","1","0"
"2017-06-20","17:15","1","7"
"2017-06-20","17:30","1","9"
"2017-06-20","17:45","1","4"
"2017-06-20","18:0","1","0"
"2017-06-20","18:15","1","0"
"2017-06-20","18:30","1","0"
"2017-06-20","18:45","1","0"
"2017-06-20","19:0","1","0"
"2017-06-20","19:15","1","0"
"2017-06-20","19:30","1","2"
"2017-06-20","19:45","1","5"
"2017-06-20","1:0","0","0"
"2017-06-20","1:15","0","0"
"2017-06-20","1:30","0","0"
"2017-06-20","1:45","0","0"
"2017-06-20","20:0","1","4"
"2017-06-20","20:15","1","0"
"2017-06-20","20:30","1","0"
"2017-06-20","20:45","1","0"
"2017-06-20","21:0","1","0"
"2017-06-20","21:15","1","0"
"2017-06-20","21:30","1","0"
"2017-06-20","21:45","1","0"
"2017-06-20","22:0","1","0"
"2017-06-20","22:15","1","7"
"2017-06-20","22:30","1","13"
"2017-06-20","22:45","1","0"
"2017-06-20","23:0","1","0"
"2017-06-20","23:15","1","0"
"2017-06-20","23:30","0","0"
"2017-06-20","23:45","0","0"
"2017-06-20","2:0","0","0"
"2017-06-20","2:15","0","0"
"2017-06-20","2:30","0","0"
"2017-06-20","2:45","0","0"
"2017-06-20","3:0","0","0"
"2017-06-20","3:15","0","0"
"2017-06-20","3:30","0","0"
"2017-06-20","3:45","0","0"
"2017-06-20","4:0","0","0"
"2017-06-20","4:15","0","0"
"2017-06-20","4:30","1","0"
"2017-06-20","4:45","1","0"
"2017-06-20","5:0","1","0"
"2017-06-20","5:15","1","0"
"2017-06-20","5:30","2","0"
"2017-06-20","5:45","2","0"
"2017-06-20","6:0","2","0"
"2017-06-20","6:15","2","0"
"2017-06-20","6:30","3","0"
"2017-06-20","6:45","3","39"
"2017-06-20","7:0","3","4"
"2017-06-20","7:15","3","15"
"2017-06-20","7:30","4","5"
"2017-06-20","7:45","4","0"
"2017-06-20","8:0","4","62"
"2017-06-20","8:15","4","128"
"2017-06-20","8:30","4","74"
"2017-06-20","8:45","4","0"
"2017-06-20","9:0","3","0"
"2017-06-20","9:15","3","17"
"2017-06-20","9:30","3","0"
"2017-06-20","9:45","3","11"
"2017-06-21","0:0","0","0"
"2017-06-21","0:15","0","0"
"2017-06-21","0:30","0","0"
"2017-06-21","0:45","0","0"
"2017-06-21","10:0","2","0"
"2017-06-21","10:15","2","0"
"2017-06-21","10:30","1","0"
"2017-06-21","10:45","1","0"
"2017-06-21","11:0","1","0"
"2017-06-21","11:15","1","0"
"2017-06-21","11:30","1","2"
"2017-06-21","11:45","1","0"
"2017-06-21","12:0","1","38"
"2017-06-21","12:15","1","1"
"2017-06-21","12:30","1","0"
"2017-06-21","12:45","1","0"
"2017-06-21","13:0","1","72"
"2017-06-21","13:15","1","6"
"2017-06-21","13:30","1","2"
"2017-06-21","13:45","1","0"
"2017-06-21","14:0","1","0"
"2017-06-21","14:15","1","5"
"2017-06-21","14:30","1","0"
"2017-06-21","14:45","1","0"
"2017-06-21","15:0","1","0"
"2017-06-21","15:15","1","3"
"2017-06-21","15:30","1","0"
"2017-06-21","15:45","1","0"
"2017-06-21","16:0","1","0"
"2017-06-21","16:15","1","0"
"2017-06-21","16:30","1","0"
"2017-06-21","16:45","1","2"
"2017-06-21","17:0","1","0"
"2017-06-21","17:15","1","14"
"2017-06-21","17:30","1","6"
"2017-06-21","17:45","1","5"
"2017-06-21","18:0","1","0"
"2017-06-21","18:15","1","0"
"2017-06-21","18:30","1","0"
"2017-06-21","18:45","1","0"
"2017-06-21","19:0","1","0"
"2017-06-21","19:15","1","0"
"2017-06-21","19:30","1","0"
"2017-06-21","19:45","1","0"
"2017-06-21","1:0","0","0"
"2017-06-21","1:15","0","0"
"2017-06-21","1:30","0","0"
"2017-06-21","1:45","0","0"
"2017-06-21","20:0","1","2"
"2017-06-21","20:15","1","9"
"2017-06-21","20:30","1","5"
"2017-06-21","20:45","1","0"
"2017-06-21","21:0","1","0"
"2017-06-21","21:15","1","0"
"2017-06-21","21:30","1","0"
"2017-06-21","21:45","1","0"
"2017-06-21","22:0","1","0"
"2017-06-21","22:15","1","11"
"2017-06-21","22:30","1","13"
"2017-06-21","22:45","1","0"
"2017-06-21","23:0","1","0"
"2017-06-21","23:15","1","0"
"2017-06-21","23:30","0","0"
"2017-06-21","23:45","0","0"
"2017-06-21","2:0","0","0"
"2017-06-21","2:15","0","0"
"2017-06-21","2:30","0","0"
"2017-06-21","2:45","0","0"
"2017-06-21","3:0","0","0"
"2017-06-21","3:15","0","0"
"2017-06-21","3:30","0","0"
"2017-06-21","3:45","0","0"
"2017-06-21","4:0","0","0"
"2017-06-21","4:15","0","0"
"2017-06-21","4:30","1","0"
"2017-06-21","4:45","1","0"
"2017-06-21","5:0","1","0"
"2017-06-21","5:15","1","0"
"2017-06-21","5:30","1","0"
"2017-06-21","5:45","1","0"
"2017-06-21","6:0","2","0"
"2017-06-21","6:15","2","0"
"2017-06-21","6:30","2","0"
"2017-06-21","6:45","2","35"
"2017-06-21","7:0","3","8"
"2017-06-21","7:15","3","32"
"2017-06-21","7:30","3","25"
"2017-06-21","7:45","3","0"
"2017-06-21","8:0","4","35"
"2017-06-21","8:15","4","101"
"2017-06-21","8:30","4","64"
"2017-06-21","8:45","4","0"
"2017-06-21","9:0","4","0"
"2017-06-21","9:15","4","17"
"2017-06-21","9:30","3","0"
"2017-06-21","9:45","3","9"
"2017-06-22","0:0","0","0"
"2017-06-22","0:15","0","0"
"2017-06-22","0:30","0","0"
"2017-06-22","0:45","0","0"
"2017-06-22","10:0","2","0"
"2017-06-22","10:15","2","0"
"2017-06-22","10:30","1","0"
"2017-06-22","10:45","1","0"
"2017-06-22","11:0","1","0"
"2017-06-22","11:15","1","0"
"2017-06-22","11:30","1","1"
"2017-06-22","11:45","1","3"
"2017-06-22","12:0","1","26"
"2017-06-22","12:15","1","0"
"2017-06-22","12:30","1","0"
"2017-06-22","12:45","1","0"
"2017-06-22","13:0","1","0"
"2017-06-22","13:15","1","5"
"2017-06-22","13:30","1","4"
"2017-06-22","13:45","1","0"
"2017-06-22","14:0","1","0"
"2017-06-22","14:15","1","3"
"2017-06-22","14:30","1","0"
"2017-06-22","14:45","1","0"
"2017-06-22","15:0","1","0"
"2017-06-22","15:15","1","2"
"2017-06-22","15:30","1","0"
"2017-06-22","15:45","1","0"
"2017-06-22","16:0","1","0"
"2017-06-22","16:15","1","0"
"2017-06-22","16:30","1","0"
"2017-06-22","16:45","1","3"
"2017-06-22","17:0","1","0"
"2017-06-22","17:15","1","11"
"2017-06-22","17:30","1","9"
"2017-06-22","17:45","1","6"
"2017-06-22","18:0","1","1"
"2017-06-22","18:15","1","0"
"2017-06-22","18:30","1","0"
"2017-06-22","18:45","1","0"
"2017-06-22","19:0","1","0"
"2017-06-22","19:15","1","0"
"2017-06-22","19:30","1","2"
"2017-06-22","19:45","1","2"
"2017-06-22","1:0","0","0"
"2017-06-22","1:15","0","0"
"2017-06-22","1:30","0","0"
"2017-06-22","1:45","0","0"
"2017-06-22","20:0","1","3"
"2017-06-22","20:15","1","14"
"2017-06-22","20:30","1","6"
"2017-06-22","20:45","1","0"
"2017-06-22","21:0","1","0"
"2017-06-22","21:15","1","0"
"2017-06-22","21:30","1","0"
"2017-06-22","21:45","1","0"
"2017-06-22","22:0","1","0"
"2017-06-22","22:15","1","9"
"2017-06-22","22:30","1","11"
"2017-06-22","22:45","1","0"
"2017-06-22","23:0","1","0"
"2017-06-22","23:15","1","0"
"2017-06-22","23:30","0","0"
"2017-06-22","23:45","0","0"
"2017-06-22","2:0","0","0"
"2017-06-22","2:15","0","0"
"2017-06-22","2:30","0","0"
"2017-06-22","2:45","0","0"
"2017-06-22","3:0","0","0"
"2017-06-22","3:15","0","0"
"2017-06-22","3:30","0","0"
"2017-06-22","3:45","0","0"
"2017-06-22","4:0","0","0"
"2017-06-22","4:15","0","0"
"2017-06-22","4:30","1","0"
"2017-06-22","4:45","1","0"
"2017-06-22","5:0","1","0"
"2017-06-22","5:15","1","0"
"2017-06-22","5:30","1","0"
"2017-06-22","5:45","1","0"
"2017-06-22","6:0","2","0"
"2017-06-22","6:15","2","0"
"2017-06-22","6:30","3","0"
"2017-06-22","6:45","3","31"
"2017-06-22","7:0","3","7"
"2017-06-22","7:15","3","19"
"2017-06-22","7:30","3","4"
"2017-06-22","7:45","3","0"
"2017-06-22","8:0","4","174"
"2017-06-22","8:15","4","123"
"2017-06-22","8:30","4","74"
"2017-06-22","8:45","4","1"
"2017-06-22","9:0","4","0"
"2017-06-22","9:15","4","17"
"2017-06-22","9:30","3","0"
"2017-06-22","9:45","3","12"
"2017-06-23","0:0","0","0"
"2017-06-23","0:15","0","0"
"2017-06-23","0:30","0","0"
"2017-06-23","0:45","0","0"
"2017-06-23","10:0","2","0"
"2017-06-23","10:15","2","0"
"2017-06-23","10:30","1","0"
"2017-06-23","10:45","1","1"
"2017-06-23","11:0","1","0"
"2017-06-23","11:15","1","4"
"2017-06-23","11:30","1","2"
"2017-06-23","11:45","1","0"
"2017-06-23","12:0","1","50"
"2017-06-23","12:15","1","6"
"2017-06-23","12:30","1","0"
"2017-06-23","12:45","1","0"
"2017-06-23","13:0","1","94"
"2017-06-23","13:15","1","14"
"2017-06-23","13:30","1","3"
"2017-06-23","13:45","1","0"
"2017-06-23","14:0","1","0"
"2017-06-23","14:15","1","3"
"2017-06-23","14:30","1","0"
"2017-06-23","14:45","1","0"
"2017-06-23","15:0","1","0"
"2017-06-23","15:15","1","2"
"2017-06-23","15:30","1","0"
"2017-06-23","15:45","1","0"
"2017-06-23","16:0","1","0"
"2017-06-23","16:15","1","0"
"2017-06-23","16:30","1","0"
"2017-06-23","16:45","1","2"
"2017-06-23","17:0","1","0"
"2017-06-23","17:15","1","12"
"2017-06-23","17:30","1","22"
"2017-06-23","17:45","1","1"
"2017-06-23","18:0","1","0"
"2017-06-23","18:15","1","0"
"2017-06-23","18:30","1","0"
"2017-06-23","18:45","1","0"
"2017-06-23","19:0","1","6"
"2017-06-23","19:15","1","0"
"2017-06-23","19:30","1","0"
"2017-06-23","19:45","1","0"
"2017-06-23","1:0","0","0"
"2017-06-23","1:15","0","0"
"2017-06-23","1:30","0","0"
"2017-06-23","1:45","0","0"
"2017-06-23","20:0","1","1"
"2017-06-23","20:15","1","10"
"2017-06-23","20:30","1","4"
"2017-06-23","20:45","1","0"
"2017-06-23","21:0","1","0"
"2017-06-23","21:15","1","0"
"2017-06-23","21:30","1","0"
"2017-06-23","21:45","1","0"
"2017-06-23","22:0","1","0"
"2017-06-23","22:15","1","9"
"2017-06-23","22:30","1","10"
"2017-06-23","22:45","1","0"
"2017-06-23","23:0","1","0"
"2017-06-23","23:15","1","0"
"2017-06-23","23:30","0","0"
"2017-06-23","23:45","0","0"
"2017-06-23","2:0","0","0"
"2017-06-23","2:15","0","0"
"2017-06-23","2:30","0","0"
"2017-06-23","2:45","0","0"
"2017-06-23","3:0","0","0"
"2017-06-23","3:15","0","0"
"2017-06-23","3:30","0","0"
"2017-06-23","3:45","0","0"
"2017-06-23","4:0","0","0"
"2017-06-23","4:15","0","0"
"2017-06-23","4:30","1","0"
"2017-06-23","4:45","1","0"
"2017-06-23","5:0","1","0"
"2017-06-23","5:15","1","0"
"2017-06-23","5:30","1","0"
"2017-06-23","5:45","1","0"
"2017-06-23","6:0","2","0"
"2017-06-23","6:15","2","0"
"2017-06-23","6:30","3","0"
"2017-06-23","6:45","3","41"
"2017-06-23","7:0","3","9"
"2017-06-23","7:15","3","20"
"2017-06-23","7:30","3","8"
"2017-06-23","7:45","3","0"
"2017-06-23","8:0","4","60"
"2017-06-23","8:15","4","127"
"2017-06-23","8:30","4","83"
"2017-06-23","8:45","4","7"
"2017-06-23","9:0","4","0"
"2017-06-23","9:15","4","17"
"2017-06-23","9:30","3","0"
"2017-06-23","9:45","3","16"
"2017-06-24","0:0","0","0"
"2017-06-24","0:15","0","0"
"2017-06-24","0:30","0","0"
"2017-06-24","0:45","0","0"
"2017-06-24","10:0","2","0"
"2017-06-24","10:15","2","0"
"2017-06-24","10:30","1","0"
"2017-06-24","10:45","1","0"
"2017-06-24","11:0","1","0"
"2017-06-24","11:15","1","0"
"2017-06-24","11:30","1","4"
"2017-06-24","11:45","1","3"
"2017-06-24","12:0","1","35"
"2017-06-24","12:15","1","0"
"2017-06-24","12:30","1","0"
"2017-06-24","12:45","1","0"
"2017-06-24","13:0","1","0"
"2017-06-24","13:15","1","6"
"2017-06-24","13:30","1","3"
"2017-06-24","13:45","1","0"
"2017-06-24","14:0","1","0"
"2017-06-24","14:15","1","5"
"2017-06-24","14:30","1","0"
"2017-06-24","14:45","1","0"
"2017-06-24","15:0","1","0"
"2017-06-24","15:15","1","2"
"2017-06-24","15:30","1","1"
"2017-06-24","15:45","1","0"
"2017-06-24","16:0","1","0"
"2017-06-24","16:15","1","0"
"2017-06-24","16:30","1","0"
"2017-06-24","16:45","1","5"
"2017-06-24","17:0","1","0"
"2017-06-24","17:15","1","15"
"2017-06-24","17:30","1","10"
"2017-06-24","17:45","1","4"
"2017-06-24","18:0","1","1"
"2017-06-24","18:15","1","0"
"2017-06-24","18:30","1","0"
"2017-06-24","18:45","1","0"
"2017-06-24","19:0","1","0"
"2017-06-24","19:15","1","0"
"2017-06-24","19:30","1","1"
"2017-06-24","19:45","1","4"
"2017-06-24","1:0","0","0"
"2017-06-24","1:15","0","0"
"2017-06-24","1:30","0","0"
"2017-06-24","1:45","0","0"
"2017-06-24","20:0","1","2"
"2017-06-24","20:15","1","2"
"2017-06-24","20:30","1","0"
"2017-06-24","20:45","1","0"
"2017-06-24","21:0","1","0"
"2017-06-24","21:15","1","0"
"2017-06-24","21:30","1","0"
"2017-06-24","21:45","1","0"
"2017-06-24","22:0","1","0"
"2017-06-24","22:15","1","10"
"2017-06-24","22:30","1","12"
"2017-06-24","22:45","1","0"
"2017-06-24","23:0","1","0"
"2017-06-24","23:15","1","0"
"2017-06-24","23:30","0","0"
"2017-06-24","23:45","0","0"
"2017-06-24","2:0","0","0"
"2017-06-24","2:15","0","0"
"2017-06-24","2:30","0","0"
"2017-06-24","2:45","0","0"
"2017-06-24","3:0","0","0"
"2017-06-24","3:15","0","0"
"2017-06-24","3:30","0","0"
"2017-06-24","3:45","0","0"
"2017-06-24","4:0","0","0"
"2017-06-24","4:15","0","0"
"2017-06-24","4:30","1","0"
"2017-06-24","4:45","1","0"
"2017-06-24","5:0","1","0"
"2017-06-24","5:15","1","0"
"2017-06-24","5:30","1","0"
"2017-06-24","5:45","1","0"
"2017-06-24","6:0","2","0"
"2017-06-24","6:15","2","0"
"2017-06-24","6:30","3","0"
"2017-06-24","6:45","3","30"
"2017-06-24","7:0","3","7"
"2017-06-24","7:15","3","18"
"2017-06-24","7:30","3","7"
"2017-06-24","7:45","3","16"
"2017-06-24","8:0","4","100"
"2017-06-24","8:15","4","119"
"2017-06-24","8:30","4","36"
"2017-06-24","8:45","4","0"
"2017-06-24","9:0","4","0"
"2017-06-24","9:15","4","23"
"2017-06-24","9:30","3","0"
"2017-06-24","9:45","3","13"
"2017-06-25","0:0","0","0"
"2017-06-25","0:15","0","0"
"2017-06-25","0:30","0","0"
"2017-06-25","0:45","0","0"
"2017-06-25","10:0","2","0"
"2017-06-25","10:15","2","0"
"2017-06-25","10:30","1","0"
"2017-06-25","10:45","1","0"
"2017-06-25","11:0","1","0"
"2017-06-25","11:15","1","0"
"2017-06-25","11:30","1","2"
"2017-06-25","11:45","1","5"
"2017-06-25","12:0","1","36"
"2017-06-25","12:15","1","0"
"2017-06-25","12:30","1","0"
"2017-06-25","12:45","1","0"
"2017-06-25","13:0","1","0"
"2017-06-25","13:15","1","5"
"2017-06-25","13:30","1","62"
"2017-06-25","13:45","1","0"
"2017-06-25","14:0","1","0"
"2017-06-25","14:15","1","7"
"2017-06-25","14:30","1","0"
"2017-06-25","14:45","1","0"
"2017-06-25","15:0","1","0"
"2017-06-25","15:15","1","1"
"2017-06-25","15:30","1","0"
"2017-06-25","15:45","1","0"
"2017-06-25","16:0","1","0"
"2017-06-25","16:15","1","0"
"2017-06-25","16:30","1","0"
"2017-06-25","16:45","1","1"
"2017-06-25","17:0","1","0"
"2017-06-25","17:15","1","6"
"2017-06-25","17:30","1","18"
"2017-06-25","17:45","1","3"
"2017-06-25","18:0","1","0"
"2017-06-25","18:15","1","0"
"2017-06-25","18:30","1","0"
"2017-06-25","18:45","1","0"
"2017-06-25","19:0","1","0"
"2017-06-25","19:15","1","0"
"2017-06-25","19:30","1","0"
"2017-06-25","19:45","1","0"
"2017-06-25","1:0","0","0"
"2017-06-25","1:15","0","0"
"2017-06-25","1:30","0","0"
"2017-06-25","1:45","0","0"
"2017-06-25","20:0","1","2"
"2017-06-25","20:15","1","1"
"2017-06-25","20:30","1","0"
"2017-06-25","20:45","1","0"
"2017-06-25","21:0","1","0"
"2017-06-25","21:15","1","0"
"2017-06-25","21:30","1","0"
"2017-06-25","21:45","1","0"
"2017-06-25","22:0","1","0"
"2017-06-25","22:15","1","13"
"2017-06-25","22:30","1","15"
"2017-06-25","22:45","1","0"
"2017-06-25","23:0","1","0"
"2017-06-25","23:15","1","0"
"2017-06-25","23:30","0","0"
"2017-06-25","23:45","0","0"
"2017-06-25","2:0","0","0"
"2017-06-25","2:15","0","0"
"2017-06-25","2:30","0","0"
"2017-06-25","2:45","0","0"
"2017-06-25","3:0","0","0"
"2017-06-25","3:15","0","0"
"2017-06-25","3:30","0","0"
"2017-06-25","3:45","0","0"
"2017-06-25","4:0","0","0"
"2017-06-25","4:15","0","0"
"2017-06-25","4:30","1","0"
"2017-06-25","4:45","1","0"
"2017-06-25","5:0","1","0"
"2017-06-25","5:15","1","0"
"2017-06-25","5:30","2","0"
"2017-06-25","5:45","2","0"
"2017-06-25","6:0","2","0"
"2017-06-25","6:15","2","0"
"2017-06-25","6:30","2","0"
"2017-06-25","6:45","2","26"
"2017-06-25","7:0","3","7"
"2017-06-25","7:15","3","24"
"2017-06-25","7:30","4","8"
"2017-06-25","7:45","4","0"
"2017-06-25","8:0","4","61"
"2017-06-25","8:15","4","84"
"2017-06-25","8:30","4","67"
"2017-06-25","8:45","4","16"
"2017-06-25","9:0","4","0"
"2017-06-25","9:15","4","19"
"2017-06-25","9:30","3","0"
"2017-06-25","9:45","3","7"
"2017-06-26","0:0","0","0"
"2017-06-26","0:15","0","0"
"2017-06-26","0:30","0","0"
"2017-06-26","0:45","0","0"
"2017-06-26","10:0","1","0"
"2017-06-26","10:15","1","0"
"2017-06-26","10:30","1","0"
"2017-06-26","10:45","1","0"
"2017-06-26","11:0","1","0"
"2017-06-26","11:15","1","0"
"2017-06-26","11:30","1","0"
"2017-06-26","11:45","1","0"
"2017-06-26","12:0","1","49"
"2017-06-26","12:15","1","1"
"2017-06-26","12:30","1","0"
"2017-06-26","12:45","1","0"
"2017-06-26","13:0","1","0"
"2017-06-26","13:15","1","6"
"2017-06-26","13:30","1","1"
"2017-06-26","13:45","1","0"
"2017-06-26","14:0","1","0"
"2017-06-26","14:15","1","6"
"2017-06-26","14:30","1","0"
"2017-06-26","14:45","1","51"
"2017-06-26","15:0","1","0"
"2017-06-26","15:15","1","0"
"2017-06-26","15:30","1","0"
"2017-06-26","15:45","1","0"
"2017-06-26","16:0","1","0"
"2017-06-26","16:15","1","0"
"2017-06-26","16:30","1","0"
"2017-06-26","16:45","1","9"
"2017-06-26","17:0","1","4"
"2017-06-26","17:15","1","10"
"2017-06-26","17:30","1","6"
"2017-06-26","17:45","1","3"
"2017-06-26","18:0","1","1"
"2017-06-26","18:15","1","0"
"2017-06-26","18:30","1","0"
"2017-06-26","18:45","1","0"
"2017-06-26","19:0","1","0"
"2017-06-26","19:15","1","0"
"2017-06-26","19:30","1","0"
"2017-06-26","19:45","1","0"
"2017-06-26","1:0","0","0"
"2017-06-26","1:15","0","0"
"2017-06-26","1:30","0","0"
"2017-06-26","1:45","0","0"
"2017-06-26","20:0","1","2"
"2017-06-26","20:15","1","0"
"2017-06-26","20:30","1","0"
"2017-06-26","20:45","1","0"
"2017-06-26","21:0","1","0"
"2017-06-26","21:15","1","0"
"2017-06-26","21:30","1","0"
"2017-06-26","21:45","1","0"
"2017-06-26","22:0","1","0"
"2017-06-26","22:15","1","14"
"2017-06-26","22:30","1","13"
"2017-06-26","22:45","1","0"
"2017-06-26","23:0","1","0"
"2017-06-26","23:15","1","0"
"2017-06-26","23:30","0","0"
"2017-06-26","23:45","0","0"
"2017-06-26","2:0","0","0"
"2017-06-26","2:15","0","0"
"2017-06-26","2:30","0","0"
"2017-06-26","2:45","0","0"
"2017-06-26","3:0","0","0"
"2017-06-26","3:15","0","0"
"2017-06-26","3:30","0","0"
"2017-06-26","3:45","0","0"
"2017-06-26","4:0","0","0"
"2017-06-26","4:15","0","0"
"2017-06-26","4:30","1","0"
"2017-06-26","4:45","1","0"
"2017-06-26","5:0","1","0"
"2017-06-26","5:15","1","0"
"2017-06-26","5:30","2","0"
"2017-06-26","5:45","2","0"
"2017-06-26","6:0","2","0"
"2017-06-26","6:15","2","0"
"2017-06-26","6:30","2","0"
"2017-06-26","6:45","2","41"
"2017-06-26","7:0","3","11"
"2017-06-26","7:15","3","23"
"2017-06-26","7:30","4","5"
"2017-06-26","7:45","4","0"
"2017-06-26","8:0","4","93"
"2017-06-26","8:15","4","127"
"2017-06-26","8:30","4","56"
"2017-06-26","8:45","4","0"
"2017-06-26","9:0","4","0"
"2017-06-26","9:15","4","18"
"2017-06-26","9:30","3","0"
"2017-06-26","9:45","3","12"
"2017-06-27","0:0","0","0"
"2017-06-27","0:15","0","0"
"2017-06-27","0:30","0","0"
"2017-06-27","0:45","0","0"
"2017-06-27","10:0","2","0"
"2017-06-27","10:15","2","0"
"2017-06-27","10:30","1","0"
"2017-06-27","10:45","1","0"
"2017-06-27","11:0","1","0"
"2017-06-27","11:15","1","0"
"2017-06-27","11:30","1","5"
"2017-06-27","11:45","1","1"
"2017-06-27","12:0","1","40"
"2017-06-27","12:15","1","0"
"2017-06-27","12:30","1","0"
"2017-06-27","12:45","1","0"
"2017-06-27","13:0","1","76"
"2017-06-27","13:15","1","5"
"2017-06-27","13:30","1","4"
"2017-06-27","13:45","1","2"
"2017-06-27","14:0","1","0"
"2017-06-27","14:15","1","5"
"2017-06-27","14:30","1","0"
"2017-06-27","14:45","1","12"
"2017-06-27","15:0","1","0"
"2017-06-27","15:15","1","1"
"2017-06-27","15:30","1","0"
"2017-06-27","15:45","1","0"
"2017-06-27","16:0","1","0"
"2017-06-27","16:15","1","0"
"2017-06-27","16:30","1","0"
"2017-06-27","16:45","1","2"
"2017-06-27","17:0","1","0"
"2017-06-27","17:15","1","8"
"2017-06-27","17:30","1","8"
"2017-06-27","17:45","1","4"
"2017-06-27","18:0","1","0"
"2017-06-27","18:15","1","0"
"2017-06-27","18:30","1","0"
"2017-06-27","18:45","1","0"
"2017-06-27","19:0","1","0"
"2017-06-27","19:15","1","0"
"2017-06-27","19:30","1","2"
"2017-06-27","19:45","1","5"
"2017-06-27","1:0","0","0"
"2017-06-27","1:15","0","0"
"2017-06-27","1:30","0","0"
"2017-06-27","1:45","0","0"
"2017-06-27","20:0","1","3"
"2017-06-27","20:15","1","2"
"2017-06-27","20:30","1","0"
"2017-06-27","20:45","1","0"
"2017-06-27","21:0","1","0"
"2017-06-27","21:15","1","0"
"2017-06-27","21:30","1","0"
"2017-06-27","21:45","1","0"
"2017-06-27","22:0","1","0"
"2017-06-27","22:15","1","7"
"2017-06-27","22:30","1","12"
"2017-06-27","22:45","1","0"
"2017-06-27","23:0","1","0"
"2017-06-27","23:15","1","0"
"2017-06-27","23:30","0","0"
"2017-06-27","23:45","0","0"
"2017-06-27","2:0","0","0"
"2017-06-27","2:15","0","0"
"2017-06-27","2:30","0","0"
"2017-06-27","2:45","0","0"
"2017-06-27","3:0","0","0"
"2017-06-27","3:15","0","0"
"2017-06-27","3:30","0","0"
"2017-06-27","3:45","0","0"
"2017-06-27","4:0","0","0"
"2017-06-27","4:15","0","0"
"2017-06-27","4:30","1","0"
"2017-06-27","4:45","1","0"
"2017-06-27","5:0","1","0"
"2017-06-27","5:15","1","0"
"2017-06-27","5:30","2","0"
"2017-06-27","5:45","2","0"
"2017-06-27","6:0","2","0"
"2017-06-27","6:15","2","0"
"2017-06-27","6:30","3","0"
"2017-06-27","6:45","3","39"
"2017-06-27","7:0","3","4"
"2017-06-27","7:15","3","17"
"2017-06-27","7:30","4","3"
"2017-06-27","7:45","4","0"
"2017-06-27","8:0","4","59"
"2017-06-27","8:15","4","129"
"2017-06-27","8:30","4","76"
"2017-06-27","8:45","4","0"
"2017-06-27","9:0","4","0"
"2017-06-27","9:15","4","17"
"2017-06-27","9:30","3","0"
"2017-06-27","9:45","3","11"
"2017-06-28","0:0","0","0"
"2017-06-28","0:15","0","0"
"2017-06-28","0:30","0","0"
"2017-06-28","0:45","0","0"
"2017-06-28","10:0","2","0"
"2017-06-28","10:15","2","0"
"2017-06-28","10:30","1","0"
"2017-06-28","10:45","1","0"
"2017-06-28","11:0","1","0"
"2017-06-28","11:15","1","0"
"2017-06-28","11:30","1","2"
"2017-06-28","11:45","1","0"
"2017-06-28","12:0","1","38"
"2017-06-28","12:15","1","1"
"2017-06-28","12:30","1","0"
"2017-06-28","12:45","1","0"
"2017-06-28","13:0","1","72"
"2017-06-28","13:15","1","6"
"2017-06-28","13:30","1","2"
"2017-06-28","13:45","1","0"
"2017-06-28","14:0","1","0"
"2017-06-28","14:15","1","5"
"2017-06-28","14:30","1","0"
"2017-06-28","14:45","1","0"
"2017-06-28","15:0","1","0"
"2017-06-28","15:15","1","3"
"2017-06-28","15:30","1","0"
"2017-06-28","15:45","1","0"
"2017-06-28","16:0","1","0"
"2017-06-28","16:15","1","0"
"2017-06-28","16:30","1","0"
"2017-06-28","16:45","1","2"
"2017-06-28","17:0","1","0"
"2017-06-28","17:15","1","14"
"2017-06-28","17:30","1","6"
"2017-06-28","17:45","1","5"
"2017-06-28","18:0","1","0"
"2017-06-28","18:15","1","0"
"2017-06-28","18:30","1","0"
"2017-06-28","18:45","1","0"
"2017-06-28","19:0","1","0"
"2017-06-28","19:15","1","0"
"2017-06-28","19:30","1","0"
"2017-06-28","19:45","1","0"
"2017-06-28","1:0","0","0"
"2017-06-28","1:15","0","0"
"2017-06-28","1:30","0","0"
"2017-06-28","1:45","0","0"
"2017-06-28","20:0","1","3"
"2017-06-28","20:15","1","8"
"2017-06-28","20:30","1","5"
"2017-06-28","20:45","1","0"
"2017-06-28","21:0","1","0"
"2017-06-28","21:15","1","0"
"2017-06-28","21:30","1","0"
"2017-06-28","21:45","1","0"
"2017-06-28","22:0","1","0"
"2017-06-28","22:15","1","11"
"2017-06-28","22:30","1","13"
"2017-06-28","22:45","1","0"
"2017-06-28","23:0","1","0"
"2017-06-28","23:15","1","0"
"2017-06-28","23:30","0","0"
"2017-06-28","23:45","0","0"
"2017-06-28","2:0","0","0"
"2017-06-28","2:15","0","0"
"2017-06-28","2:30","0","0"
"2017-06-28","2:45","0","0"
"2017-06-28","3:0","0","0"
"2017-06-28","3:15","0","0"
"2017-06-28","3:30","0","0"
"2017-06-28","3:45","0","0"
"2017-06-28","4:0","0","0"
"2017-06-28","4:15","0","0"
"2017-06-28","4:30","1","0"
"2017-06-28","4:45","1","0"
"2017-06-28","5:0","1","0"
"2017-06-28","5:15","1","0"
"2017-06-28","5:30","2","0"
"2017-06-28","5:45","2","0"
"2017-06-28","6:0","2","0"
"2017-06-28","6:15","2","0"
"2017-06-28","6:30","3","0"
"2017-06-28","6:45","3","35"
"2017-06-28","7:0","3","8"
"2017-06-28","7:15","3","32"
"2017-06-28","7:30","3","25"
"2017-06-28","7:45","3","0"
"2017-06-28","8:0","4","38"
"2017-06-28","8:15","4","103"
"2017-06-28","8:30","4","59"
"2017-06-28","8:45","4","0"
"2017-06-28","9:0","4","0"
"2017-06-28","9:15","4","17"
"2017-06-28","9:30","3","0"
"2017-06-28","9:45","3","9"
"2017-06-29","0:0","0","0"
"2017-06-29","0:15","0","0"
"2017-06-29","0:30","0","0"
"2017-06-29","0:45","0","0"
"2017-06-29","10:0","2","0"
"2017-06-29","10:15","2","0"
"2017-06-29","10:30","1","0"
"2017-06-29","10:45","1","0"
"2017-06-29","11:0","1","0"
"2017-06-29","11:15","1","0"
"2017-06-29","11:30","1","1"
"2017-06-29","11:45","1","3"
"2017-06-29","12:0","1","26"
"2017-06-29","12:15","1","0"
"2017-06-29","12:30","1","0"
"2017-06-29","12:45","1","0"
"2017-06-29","13:0","1","0"
"2017-06-29","13:15","1","6"
"2017-06-29","13:30","1","3"
"2017-06-29","13:45","1","2"
"2017-06-29","14:0","1","0"
"2017-06-29","14:15","1","3"
"2017-06-29","14:30","1","0"
"2017-06-29","14:45","1","0"
"2017-06-29","15:0","1","0"
"2017-06-29","15:15","1","2"
"2017-06-29","15:30","1","0"
"2017-06-29","15:45","1","0"
"2017-06-29","16:0","1","0"
"2017-06-29","16:15","1","0"
"2017-06-29","16:30","1","0"
"2017-06-29","16:45","1","3"
"2017-06-29","17:0","1","0"
"2017-06-29","17:15","1","11"
"2017-06-29","17:30","1","9"
"2017-06-29","17:45","1","6"
"2017-06-29","18:0","1","1"
"2017-06-29","18:15","1","0"
"2017-06-29","18:30","1","0"
"2017-06-29","18:45","1","0"
"2017-06-29","19:0","1","0"
"2017-06-29","19:15","1","0"
"2017-06-29","19:30","1","2"
"2017-06-29","19:45","1","2"
"2017-06-29","1:0","0","0"
"2017-06-29","1:15","0","0"
"2017-06-29","1:30","0","0"
"2017-06-29","1:45","0","0"
"2017-06-29","20:0","1","4"
"2017-06-29","20:15","1","16"
"2017-06-29","20:30","1","3"
"2017-06-29","20:45","1","0"
"2017-06-29","21:0","1","0"
"2017-06-29","21:15","1","0"
"2017-06-29","21:30","1","0"
"2017-06-29","21:45","1","0"
"2017-06-29","22:0","1","0"
"2017-06-29","22:15","1","9"
"2017-06-29","22:30","1","11"
"2017-06-29","22:45","1","0"
"2017-06-29","23:0","1","0"
"2017-06-29","23:15","1","0"
"2017-06-29","23:30","0","0"
"2017-06-29","23:45","0","0"
"2017-06-29","2:0","0","0"
"2017-06-29","2:15","0","0"
"2017-06-29","2:30","0","0"
"2017-06-29","2:45","0","0"
"2017-06-29","3:0","0","0"
"2017-06-29","3:15","0","0"
"2017-06-29","3:30","0","0"
"2017-06-29","3:45","0","0"
"2017-06-29","4:0","0","0"
"2017-06-29","4:15","0","0"
"2017-06-29","4:30","1","0"
"2017-06-29","4:45","1","0"
"2017-06-29","5:0","1","0"
"2017-06-29","5:15","1","0"
"2017-06-29","5:30","2","0"
"2017-06-29","5:45","2","0"
"2017-06-29","6:0","2","0"
"2017-06-29","6:15","2","0"
"2017-06-29","6:30","3","0"
"2017-06-29","6:45","3","30"
"2017-06-29","7:0","3","8"
"2017-06-29","7:15","3","16"
"2017-06-29","7:30","4","7"
"2017-06-29","7:45","4","0"
"2017-06-29","8:0","4","179"
"2017-06-29","8:15","4","118"
"2017-06-29","8:30","4","74"
"2017-06-29","8:45","4","1"
"2017-06-29","9:0","4","0"
"2017-06-29","9:15","4","17"
"2017-06-29","9:30","3","0"
"2017-06-29","9:45","3","12"
"2017-06-30","0:0","0","0"
"2017-06-30","0:15","0","0"
"2017-06-30","0:30","0","0"
"2017-06-30","0:45","0","0"
"2017-06-30","10:0","1","0"
"2017-06-30","10:15","1","0"
"2017-06-30","10:30","1","0"
"2017-06-30","10:45","1","0"
"2017-06-30","11:0","1","0"
"2017-06-30","11:15","1","4"
"2017-06-30","11:30","1","2"
"2017-06-30","11:45","1","0"
"2017-06-30","12:0","1","51"
"2017-06-30","12:15","1","1"
"2017-06-30","12:30","1","0"
"2017-06-30","12:45","1","0"
"2017-06-30","13:0","1","94"
"2017-06-30","13:15","1","14"
"2017-06-30","13:30","1","3"
"2017-06-30","13:45","1","0"
"2017-06-30","14:0","1","0"
"2017-06-30","14:15","1","3"
"2017-06-30","14:30","1","0"
"2017-06-30","14:45","1","4"
"2017-06-30","15:0","1","0"
"2017-06-30","15:15","1","2"
"2017-06-30","15:30","1","0"
"2017-06-30","15:45","1","0"
"2017-06-30","16:0","1","0"
"2017-06-30","16:15","1","0"
"2017-06-30","16:30","1","0"
"2017-06-30","16:45","1","1"
"2017-06-30","17:0","1","1"
"2017-06-30","17:15","1","12"
"2017-06-30","17:30","1","22"
"2017-06-30","17:45","1","1"
"2017-06-30","18:0","1","0"
"2017-06-30","18:15","1","0"
"2017-06-30","18:30","1","0"
"2017-06-30","18:45","1","0"
"2017-06-30","19:0","1","6"
"2017-06-30","19:15","1","0"
"2017-06-30","19:30","1","0"
"2017-06-30","19:45","1","0"
"2017-06-30","1:0","0","0"
"2017-06-30","1:15","0","0"
"2017-06-30","1:30","0","0"
"2017-06-30","1:45","0","0"
"2017-06-30","20:0","1","1"
"2017-06-30","20:15","1","12"
"2017-06-30","20:30","1","3"
"2017-06-30","20:45","1","0"
"2017-06-30","21:0","1","0"
"2017-06-30","21:15","1","0"
"2017-06-30","21:30","1","0"
"2017-06-30","21:45","1","0"
"2017-06-30","22:0","1","0"
"2017-06-30","22:15","1","9"
"2017-06-30","22:30","1","10"
"2017-06-30","22:45","1","0"
"2017-06-30","23:0","1","0"
"2017-06-30","23:15","1","0"
"2017-06-30","23:30","0","0"
"2017-06-30","23:45","0","0"
"2017-06-30","2:0","0","0"
"2017-06-30","2:15","0","0"
"2017-06-30","2:30","0","0"
"2017-06-30","2:45","0","0"
"2017-06-30","3:0","0","0"
"2017-06-30","3:15","0","0"
"2017-06-30","3:30","0","0"
"2017-06-30","3:45","0","0"
"2017-06-30","4:0","0","0"
"2017-06-30","4:15","0","0"
"2017-06-30","4:30","1","0"
"2017-06-30","4:45","1","0"
"2017-06-30","5:0","1","0"
"2017-06-30","5:15","1","0"
"2017-06-30","5:30","2","0"
"2017-06-30","5:45","2","0"
"2017-06-30","6:0","3","0"
"2017-06-30","6:15","3","0"
"2017-06-30","6:30","3","0"
"2017-06-30","6:45","3","40"
"2017-06-30","7:0","4","10"
"2017-06-30","7:15","4","20"
"2017-06-30","7:30","4","8"
"2017-06-30","7:45","4","0"
"2017-06-30","8:0","4","62"
"2017-06-30","8:15","4","123"
"2017-06-30","8:30","4","85"
"2017-06-30","8:45","4","7"
"2017-06-30","9:0","4","0"
"2017-06-30","9:15","4","17"
"2017-06-30","9:30","3","0"
"2017-06-30","9:45","3","16"
"2017-07-01","0:0","0","0"
"2017-07-01","0:15","0","0"
"2017-07-01","0:30","0","0"
"2017-07-01","0:45","0","0"
"2017-07-01","10:0","1","0"
"2017-07-01","10:15","1","0"
"2017-07-01","10:30","1","0"
"2017-07-01","10:45","1","0"
"2017-07-01","11:0","1","0"
"2017-07-01","11:15","1","0"
"2017-07-01","11:30","1","4"
"2017-07-01","11:45","1","3"
"2017-07-01","12:0","1","35"
"2017-07-01","12:15","1","0"
"2017-07-01","12:30","1","0"
"2017-07-01","12:45","1","0"
"2017-07-01","13:0","1","0"
"2017-07-01","13:15","1","4"
"2017-07-01","13:30","1","3"
"2017-07-01","13:45","1","2"
"2017-07-01","14:0","1","0"
"2017-07-01","14:15","1","5"
"2017-07-01","14:30","1","0"
"2017-07-01","14:45","1","0"
"2017-07-01","15:0","1","0"
"2017-07-01","15:15","1","2"
"2017-07-01","15:30","1","1"
"2017-07-01","15:45","1","0"
"2017-07-01","16:0","1","0"
"2017-07-01","16:15","1","0"
"2017-07-01","16:30","1","0"
"2017-07-01","16:45","1","5"
"2017-07-01","17:0","1","0"
"2017-07-01","17:15","1","13"
"2017-07-01","17:30","1","12"
"2017-07-01","17:45","1","5"
"2017-07-01","18:0","1","0"
"2017-07-01","18:15","1","0"
"2017-07-01","18:30","1","0"
"2017-07-01","18:45","1","0"
"2017-07-01","19:0","1","0"
"2017-07-01","19:15","1","0"
"2017-07-01","19:30","1","3"
"2017-07-01","19:45","1","2"
"2017-07-01","1:0","0","0"
"2017-07-01","1:15","0","0"
"2017-07-01","1:30","0","0"
"2017-07-01","1:45","0","0"
"2017-07-01","20:0","1","3"
"2017-07-01","20:15","1","1"
"2017-07-01","20:30","1","0"
"2017-07-01","20:45","1","0"
"2017-07-01","21:0","1","0"
"2017-07-01","21:15","1","0"
"2017-07-01","21:30","1","0"
"2017-07-01","21:45","1","0"
"2017-07-01","22:0","1","0"
"2017-07-01","22:15","1","10"
"2017-07-01","22:30","1","12"
"2017-07-01","22:45","1","0"
"2017-07-01","23:0","1","0"
"2017-07-01","23:15","1","0"
"2017-07-01","23:30","0","0"
"2017-07-01","23:45","0","0"
"2017-07-01","2:0","0","0"
"2017-07-01","2:15","0","0"
"2017-07-01","2:30","0","0"
"2017-07-01","2:45","0","0"
"2017-07-01","3:0","0","0"
"2017-07-01","3:15","0","0"
"2017-07-01","3:30","0","0"
"2017-07-01","3:45","0","0"
"2017-07-01","4:0","0","0"
"2017-07-01","4:15","0","0"
"2017-07-01","4:30","1","0"
"2017-07-01","4:45","1","0"
"2017-07-01","5:0","1","0"
"2017-07-01","5:15","1","0"
"2017-07-01","5:30","2","0"
"2017-07-01","5:45","2","0"
"2017-07-01","6:0","3","0"
"2017-07-01","6:15","3","0"
"2017-07-01","6:30","3","0"
"2017-07-01","6:45","3","31"
"2017-07-01","7:0","3","6"
"2017-07-01","7:15","3","16"
"2017-07-01","7:30","3","9"
"2017-07-01","7:45","3","16"
"2017-07-01","8:0","4","110"
"2017-07-01","8:15","4","112"
"2017-07-01","8:30","4","38"
"2017-07-01","8:45","4","0"
"2017-07-01","9:0","4","0"
"2017-07-01","9:15","4","23"
"2017-07-01","9:30","3","0"
"2017-07-01","9:45","3","13"
"2017-07-02","0:0","0","0"
"2017-07-02","0:15","0","0"
"2017-07-02","0:30","0","0"
"2017-07-02","0:45","0","0"
"2017-07-02","10:0","1","0"
"2017-07-02","10:15","1","0"
"2017-07-02","10:30","1","0"
"2017-07-02","10:45","1","0"
"2017-07-02","11:0","1","0"
"2017-07-02","11:15","1","0"
"2017-07-02","11:30","1","5"
"2017-07-02","11:45","1","2"
"2017-07-02","12:0","1","36"
"2017-07-02","12:15","1","0"
"2017-07-02","12:30","1","0"
"2017-07-02","12:45","1","0"
"2017-07-02","13:0","1","0"
"2017-07-02","13:15","1","5"
"2017-07-02","13:30","1","63"
"2017-07-02","13:45","1","0"
"2017-07-02","14:0","1","0"
"2017-07-02","14:15","1","7"
"2017-07-02","14:30","1","0"
"2017-07-02","14:45","1","0"
"2017-07-02","15:0","1","0"
"2017-07-02","15:15","1","1"
"2017-07-02","15:30","1","0"
"2017-07-02","15:45","1","0"
"2017-07-02","16:0","1","0"
"2017-07-02","16:15","1","0"
"2017-07-02","16:30","1","0"
"2017-07-02","16:45","1","1"
"2017-07-02","17:0","1","0"
"2017-07-02","17:15","1","10"
"2017-07-02","17:30","1","14"
"2017-07-02","17:45","1","2"
"2017-07-02","18:0","1","1"
"2017-07-02","18:15","1","0"
"2017-07-02","18:30","1","0"
"2017-07-02","18:45","1","0"
"2017-07-02","19:0","1","0"
"2017-07-02","19:15","1","0"
"2017-07-02","19:30","1","0"
"2017-07-02","19:45","1","0"
"2017-07-02","1:0","0","0"
"2017-07-02","1:15","0","0"
"2017-07-02","1:30","0","0"
"2017-07-02","1:45","0","0"
"2017-07-02","20:0","1","2"
"2017-07-02","20:15","1","1"
"2017-07-02","20:30","1","0"
"2017-07-02","20:45","1","0"
"2017-07-02","21:0","1","0"
"2017-07-02","21:15","1","0"
"2017-07-02","21:30","1","0"
"2017-07-02","21:45","1","0"
"2017-07-02","22:0","1","0"
"2017-07-02","22:15","1","13"
"2017-07-02","22:30","1","15"
"2017-07-02","22:45","1","0"
"2017-07-02","23:0","1","0"
"2017-07-02","23:15","1","0"
"2017-07-02","23:30","0","0"
"2017-07-02","23:45","0","0"
"2017-07-02","2:0","0","0"
"2017-07-02","2:15","0","0"
"2017-07-02","2:30","0","0"
"2017-07-02","2:45","0","0"
"2017-07-02","3:0","0","0"
"2017-07-02","3:15","0","0"
"2017-07-02","3:30","0","0"
"2017-07-02","3:45","0","0"
"2017-07-02","4:0","0","0"
"2017-07-02","4:15","0","0"
"2017-07-02","4:30","1","0"
"2017-07-02","4:45","1","0"
"2017-07-02","5:0","1","0"
"2017-07-02","5:15","1","0"
"2017-07-02","5:30","2","0"
"2017-07-02","5:45","2","0"
"2017-07-02","6:0","2","0"
"2017-07-02","6:15","2","0"
"2017-07-02","6:30","3","0"
"2017-07-02","6:45","3","29"
"2017-07-02","7:0","3","4"
"2017-07-02","7:15","3","19"
"2017-07-02","7:30","4","13"
"2017-07-02","7:45","4","0"
"2017-07-02","8:0","4","63"
"2017-07-02","8:15","4","86"
"2017-07-02","8:30","4","72"
"2017-07-02","8:45","4","13"
"2017-07-02","9:0","4","0"
"2017-07-02","9:15","4","19"
"2017-07-02","9:30","3","0"
"2017-07-02","9:45","3","7"
"2017-07-03","0:0","0","0"
"2017-07-03","0:15","0","0"
"2017-07-03","0:30","0","0"
"2017-07-03","0:45","0","0"
"2017-07-03","10:0","2","0"
"2017-07-03","10:15","2","0"
"2017-07-03","10:30","1","0"
"2017-07-03","10:45","1","0"
"2017-07-03","11:0","1","0"
"2017-07-03","11:15","1","0"
"2017-07-03","11:30","1","0"
"2017-07-03","11:45","1","0"
"2017-07-03","12:0","1","49"
"2017-07-03","12:15","1","1"
"2017-07-03","12:30","1","0"
"2017-07-03","12:45","1","0"
"2017-07-03","13:0","1","3"
"2017-07-03","13:15","1","6"
"2017-07-03","13:30","1","1"
"2017-07-03","13:45","1","0"
"2017-07-03","14:0","1","0"
"2017-07-03","14:15","1","6"
"2017-07-03","14:30","1","0"
"2017-07-03","14:45","1","52"
"2017-07-03","15:0","1","0"
"2017-07-03","15:15","1","0"
"2017-07-03","15:30","1","0"
"2017-07-03","15:45","1","0"
"2017-07-03","16:0","1","0"
"2017-07-03","16:15","1","0"
"2017-07-03","16:30","1","0"
"2017-07-03","16:45","1","9"
"2017-07-03","17:0","1","0"
"2017-07-03","17:15","1","8"
"2017-07-03","17:30","1","8"
"2017-07-03","17:45","1","3"
"2017-07-03","18:0","1","1"
"2017-07-03","18:15","1","0"
"2017-07-03","18:30","1","0"
"2017-07-03","18:45","1","0"
"2017-07-03","19:0","1","0"
"2017-07-03","19:15","1","0"
"2017-07-03","19:30","1","0"
"2017-07-03","19:45","1","0"
"2017-07-03","1:0","0","0"
"2017-07-03","1:15","0","0"
"2017-07-03","1:30","0","0"
"2017-07-03","1:45","0","0"
"2017-07-03","20:0","1","1"
"2017-07-03","20:15","1","1"
"2017-07-03","20:30","1","0"
"2017-07-03","20:45","1","0"
"2017-07-03","21:0","1","0"
"2017-07-03","21:15","1","0"
"2017-07-03","21:30","1","0"
"2017-07-03","21:45","1","0"
"2017-07-03","22:0","1","0"
"2017-07-03","22:15","1","14"
"2017-07-03","22:30","1","13"
"2017-07-03","22:45","1","0"
"2017-07-03","23:0","1","0"
"2017-07-03","23:15","1","0"
"2017-07-03","23:30","0","0"
"2017-07-03","23:45","0","0"
"2017-07-03","2:0","0","0"
"2017-07-03","2:15","0","0"
"2017-07-03","2:30","0","0"
"2017-07-03","2:45","0","0"
"2017-07-03","3:0","0","0"
"2017-07-03","3:15","0","0"
"2017-07-03","3:30","0","0"
"2017-07-03","3:45","0","0"
"2017-07-03","4:0","0","0"
"2017-07-03","4:15","0","0"
"2017-07-03","4:30","1","0"
"2017-07-03","4:45","1","0"
"2017-07-03","5:0","1","0"
"2017-07-03","5:15","1","0"
"2017-07-03","5:30","1","0"
"2017-07-03","5:45","1","0"
"2017-07-03","6:0","2","0"
"2017-07-03","6:15","2","0"
"2017-07-03","6:30","3","0"
"2017-07-03","6:45","3","44"
"2017-07-03","7:0","3","8"
"2017-07-03","7:15","3","21"
"2017-07-03","7:30","4","7"
"2017-07-03","7:45","4","0"
"2017-07-03","8:0","4","93"
"2017-07-03","8:15","4","126"
"2017-07-03","8:30","4","64"
"2017-07-03","8:45","4","0"
"2017-07-03","9:0","4","0"
"2017-07-03","9:15","4","18"
"2017-07-03","9:30","3","0"
"2017-07-03","9:45","3","12"
"2017-07-04","0:0","0","0"
"2017-07-04","0:15","0","0"
"2017-07-04","0:30","0","0"
"2017-07-04","0:45","0","0"
"2017-07-04","10:0","2","0"
"2017-07-04","10:15","2","0"
"2017-07-04","10:30","1","0"
"2017-07-04","10:45","1","0"
"2017-07-04","11:0","1","0"
"2017-07-04","11:15","1","0"
"2017-07-04","11:30","1","6"
"2017-07-04","11:45","1","0"
"2017-07-04","12:0","1","39"
"2017-07-04","12:15","1","1"
"2017-07-04","12:30","1","0"
"2017-07-04","12:45","1","0"
"2017-07-04","13:0","1","77"
"2017-07-04","13:15","1","5"
"2017-07-04","13:30","1","4"
"2017-07-04","13:45","1","2"
"2017-07-04","14:0","1","0"
"2017-07-04","14:15","1","5"
"2017-07-04","14:30","1","0"
"2017-07-04","14:45","1","0"
"2017-07-04","15:0","1","0"
"2017-07-04","15:15","1","1"
"2017-07-04","15:30","1","0"
"2017-07-04","15:45","1","0"
"2017-07-04","16:0","1","0"
"2017-07-04","16:15","1","0"
"2017-07-04","16:30","1","0"
"2017-07-04","16:45","1","2"
"2017-07-04","17:0","1","0"
"2017-07-04","17:15","1","6"
"2017-07-04","17:30","1","10"
"2017-07-04","17:45","1","4"
"2017-07-04","18:0","1","0"
"2017-07-04","18:15","1","0"
"2017-07-04","18:30","1","0"
"2017-07-04","18:45","1","0"
"2017-07-04","19:0","1","0"
"2017-07-04","19:15","1","0"
"2017-07-04","19:30","1","3"
"2017-07-04","19:45","1","4"
"2017-07-04","1:0","0","0"
"2017-07-04","1:15","0","0"
"2017-07-04","1:30","0","0"
"2017-07-04","1:45","0","0"
"2017-07-04","20:0","1","3"
"2017-07-04","20:15","1","3"
"2017-07-04","20:30","1","0"
"2017-07-04","20:45","1","0"
"2017-07-04","21:0","1","0"
"2017-07-04","21:15","1","0"
"2017-07-04","21:30","1","0"
"2017-07-04","21:45","1","0"
"2017-07-04","22:0","1","0"
"2017-07-04","22:15","1","7"
"2017-07-04","22:30","1","12"
"2017-07-04","22:45","1","0"
"2017-07-04","23:0","1","0"
"2017-07-04","23:15","1","0"
"2017-07-04","23:30","0","0"
"2017-07-04","23:45","0","0"
"2017-07-04","2:0","0","0"
"2017-07-04","2:15","0","0"
"2017-07-04","2:30","0","0"
"2017-07-04","2:45","0","0"
"2017-07-04","3:0","0","0"
"2017-07-04","3:15","0","0"
"2017-07-04","3:30","0","0"
"2017-07-04","3:45","0","0"
"2017-07-04","4:0","0","0"
"2017-07-04","4:15","0","0"
"2017-07-04","4:30","1","0"
"2017-07-04","4:45","1","0"
"2017-07-04","5:0","1","0"
"2017-07-04","5:15","1","0"
"2017-07-04","5:30","1","0"
"2017-07-04","5:45","1","0"
"2017-07-04","6:0","2","0"
"2017-07-04","6:15","2","7"
"2017-07-04","6:30","3","5"
"2017-07-04","6:45","3","36"
"2017-07-04","7:0","3","7"
"2017-07-04","7:15","3","17"
"2017-07-04","7:30","4","3"
"2017-07-04","7:45","4","0"
"2017-07-04","8:0","4","57"
"2017-07-04","8:15","4","137"
"2017-07-04","8:30","4","77"
"2017-07-04","8:45","4","0"
"2017-07-04","9:0","4","0"
"2017-07-04","9:15","4","17"
"2017-07-04","9:30","3","0"
"2017-07-04","9:45","3","11"
"2017-07-05","0:0","0","0"
"2017-07-05","0:15","0","0"
"2017-07-05","0:30","0","0"
"2017-07-05","0:45","0","0"
"2017-07-05","10:0","2","0"
"2017-07-05","10:15","2","0"
"2017-07-05","10:30","1","0"
"2017-07-05","10:45","1","0"
"2017-07-05","11:0","1","0"
"2017-07-05","11:15","1","0"
"2017-07-05","11:30","1","1"
"2017-07-05","11:45","1","1"
"2017-07-05","12:0","1","41"
"2017-07-05","12:15","1","0"
"2017-07-05","12:30","1","0"
"2017-07-05","12:45","1","0"
"2017-07-05","13:0","1","73"
"2017-07-05","13:15","1","4"
"2017-07-05","13:30","1","4"
"2017-07-05","13:45","1","0"
"2017-07-05","14:0","1","0"
"2017-07-05","14:15","1","5"
"2017-07-05","14:30","1","0"
"2017-07-05","14:45","1","0"
"2017-07-05","15:0","1","0"
"2017-07-05","15:15","1","3"
"2017-07-05","15:30","1","0"
"2017-07-05","15:45","1","0"
"2017-07-05","16:0","1","0"
"2017-07-05","16:15","1","0"
"2017-07-05","16:30","1","0"
"2017-07-05","16:45","1","2"
"2017-07-05","17:0","1","0"
"2017-07-05","17:15","1","10"
"2017-07-05","17:30","1","10"
"2017-07-05","17:45","1","5"
"2017-07-05","18:0","1","0"
"2017-07-05","18:15","1","0"
"2017-07-05","18:30","1","0"
"2017-07-05","18:45","1","0"
"2017-07-05","19:0","1","0"
"2017-07-05","19:15","1","0"
"2017-07-05","19:30","1","0"
"2017-07-05","19:45","1","0"
"2017-07-05","1:0","0","0"
"2017-07-05","1:15","0","0"
"2017-07-05","1:30","0","0"
"2017-07-05","1:45","0","0"
"2017-07-05","20:0","1","3"
"2017-07-05","20:15","1","10"
"2017-07-05","20:30","1","3"
"2017-07-05","20:45","1","0"
"2017-07-05","21:0","1","0"
"2017-07-05","21:15","1","0"
"2017-07-05","21:30","1","0"
"2017-07-05","21:45","1","0"
"2017-07-05","22:0","1","0"
"2017-07-05","22:15","1","11"
"2017-07-05","22:30","1","13"
"2017-07-05","22:45","1","0"
"2017-07-05","23:0","1","0"
"2017-07-05","23:15","1","0"
"2017-07-05","23:30","0","0"
"2017-07-05","23:45","0","0"
"2017-07-05","2:0","0","0"
"2017-07-05","2:15","0","0"
"2017-07-05","2:30","0","0"
"2017-07-05","2:45","0","0"
"2017-07-05","3:0","0","0"
"2017-07-05","3:15","0","0"
"2017-07-05","3:30","0","0"
"2017-07-05","3:45","0","0"
"2017-07-05","4:0","0","0"
"2017-07-05","4:15","0","0"
"2017-07-05","4:30","1","0"
"2017-07-05","4:45","1","0"
"2017-07-05","5:0","1","0"
"2017-07-05","5:15","1","0"
"2017-07-05","5:30","1","0"
"2017-07-05","5:45","1","0"
"2017-07-05","6:0","2","0"
"2017-07-05","6:15","2","0"
"2017-07-05","6:30","3","0"
"2017-07-05","6:45","3","41"
"2017-07-05","7:0","3","2"
"2017-07-05","7:15","3","33"
"2017-07-05","7:30","4","25"
"2017-07-05","7:45","4","0"
"2017-07-05","8:0","4","36"
"2017-07-05","8:15","4","106"
"2017-07-05","8:30","4","64"
"2017-07-05","8:45","4","0"
"2017-07-05","9:0","4","0"
"2017-07-05","9:15","4","17"
"2017-07-05","9:30","3","0"
"2017-07-05","9:45","3","9"
"2017-07-06","0:0","0","0"
"2017-07-06","0:15","0","0"
"2017-07-06","0:30","0","0"
"2017-07-06","0:45","0","0"
"2017-07-06","10:0","2","0"
"2017-07-06","10:15","2","0"
"2017-07-06","10:30","1","0"
"2017-07-06","10:45","1","0"
"2017-07-06","11:0","1","0"
"2017-07-06","11:15","1","0"
"2017-07-06","11:30","1","0"
"2017-07-06","11:45","1","0"
"2017-07-06","12:0","1","43"
"2017-07-06","12:15","1","0"
"2017-07-06","12:30","1","0"
"2017-07-06","12:45","1","0"
"2017-07-06","13:0","1","0"
"2017-07-06","13:15","1","1"
"2017-07-06","13:30","1","1"
"2017-07-06","13:45","1","0"
"2017-07-06","14:0","1","0"
"2017-07-06","14:15","1","1"
"2017-07-06","14:30","1","0"
"2017-07-06","14:45","1","0"
"2017-07-06","15:0","1","0"
"2017-07-06","15:15","1","0"
"2017-07-06","15:30","1","0"
"2017-07-06","15:45","1","0"
"2017-07-06","16:0","1","0"
"2017-07-06","16:15","1","0"
"2017-07-06","16:30","1","0"
"2017-07-06","16:45","1","0"
"2017-07-06","17:0","1","0"
"2017-07-06","17:15","1","10"
"2017-07-06","17:30","1","12"
"2017-07-06","17:45","1","1"
"2017-07-06","18:0","1","0"
"2017-07-06","18:15","1","0"
"2017-07-06","18:30","1","0"
"2017-07-06","18:45","1","0"
"2017-07-06","19:0","1","0"
"2017-07-06","19:15","1","0"
"2017-07-06","19:30","1","2"
"2017-07-06","19:45","1","2"
"2017-07-06","1:0","0","0"
"2017-07-06","1:15","0","0"
"2017-07-06","1:30","0","0"
"2017-07-06","1:45","0","0"
"2017-07-06","20:0","1","1"
"2017-07-06","20:15","1","13"
"2017-07-06","20:30","1","2"
"2017-07-06","20:45","1","0"
"2017-07-06","21:0","1","0"
"2017-07-06","21:15","1","0"
"2017-07-06","21:30","1","0"
"2017-07-06","21:45","1","0"
"2017-07-06","22:0","1","0"
"2017-07-06","22:15","1","3"
"2017-07-06","22:30","1","11"
"2017-07-06","22:45","1","0"
"2017-07-06","23:0","1","0"
"2017-07-06","23:15","1","0"
"2017-07-06","23:30","0","0"
"2017-07-06","23:45","0","0"
"2017-07-06","2:0","0","0"
"2017-07-06","2:15","0","0"
"2017-07-06","2:30","0","0"
"2017-07-06","2:45","0","0"
"2017-07-06","3:0","0","0"
"2017-07-06","3:15","0","0"
"2017-07-06","3:30","0","0"
"2017-07-06","3:45","0","0"
"2017-07-06","4:0","0","0"
"2017-07-06","4:15","0","0"
"2017-07-06","4:30","1","0"
"2017-07-06","4:45","1","0"
"2017-07-06","5:0","1","0"
"2017-07-06","5:15","1","0"
"2017-07-06","5:30","1","0"
"2017-07-06","5:45","1","0"
"2017-07-06","6:0","2","0"
"2017-07-06","6:15","2","0"
"2017-07-06","6:30","3","0"
"2017-07-06","6:45","3","25"
"2017-07-06","7:0","3","1"
"2017-07-06","7:15","3","26"
"2017-07-06","7:30","4","9"
"2017-07-06","7:45","4","0"
"2017-07-06","8:0","4","149"
"2017-07-06","8:15","4","99"
"2017-07-06","8:30","4","59"
"2017-07-06","8:45","4","0"
"2017-07-06","9:0","4","0"
"2017-07-06","9:15","4","15"
"2017-07-06","9:30","3","0"
"2017-07-06","9:45","3","1"
"2017-07-07","0:0","0","0"
"2017-07-07","0:15","0","0"
"2017-07-07","0:30","0","0"
"2017-07-07","0:45","0","0"
"2017-07-07","10:0","2","0"
"2017-07-07","10:15","2","0"
"2017-07-07","10:30","1","0"
"2017-07-07","10:45","1","0"
"2017-07-07","11:0","1","0"
"2017-07-07","11:15","1","2"
"2017-07-07","11:30","1","0"
"2017-07-07","11:45","1","0"
"2017-07-07","12:0","1","37"
"2017-07-07","12:15","1","0"
"2017-07-07","12:30","1","0"
"2017-07-07","12:45","1","0"
"2017-07-07","13:0","1","82"
"2017-07-07","13:15","1","8"
"2017-07-07","13:30","1","5"
"2017-07-07","13:45","1","0"
"2017-07-07","14:0","1","0"
"2017-07-07","14:15","1","1"
"2017-07-07","14:30","1","0"
"2017-07-07","14:45","1","0"
"2017-07-07","15:0","1","0"
"2017-07-07","15:15","1","4"
"2017-07-07","15:30","1","0"
"2017-07-07","15:45","1","0"
"2017-07-07","16:0","1","0"
"2017-07-07","16:15","1","0"
"2017-07-07","16:30","1","0"
"2017-07-07","16:45","1","0"
"2017-07-07","17:0","1","0"
"2017-07-07","17:15","1","10"
"2017-07-07","17:30","1","7"
"2017-07-07","17:45","1","6"
"2017-07-07","18:0","1","0"
"2017-07-07","18:15","1","0"
"2017-07-07","18:30","1","0"
"2017-07-07","18:45","1","0"
"2017-07-07","19:0","1","0"
"2017-07-07","19:15","1","0"
"2017-07-07","19:30","1","0"
"2017-07-07","19:45","1","0"
"2017-07-07","1:0","0","0"
"2017-07-07","1:15","0","0"
"2017-07-07","1:30","0","0"
"2017-07-07","1:45","0","0"
"2017-07-07","20:0","1","0"
"2017-07-07","20:15","1","8"
"2017-07-07","20:30","1","0"
"2017-07-07","20:45","1","0"
"2017-07-07","21:0","1","0"
"2017-07-07","21:15","1","0"
"2017-07-07","21:30","1","0"
"2017-07-07","21:45","1","0"
"2017-07-07","22:0","1","0"
"2017-07-07","22:15","1","3"
"2017-07-07","22:30","1","18"
"2017-07-07","22:45","1","0"
"2017-07-07","23:0","1","0"
"2017-07-07","23:15","1","0"
"2017-07-07","23:30","0","0"
"2017-07-07","23:45","0","0"
"2017-07-07","2:0","0","0"
"2017-07-07","2:15","0","0"
"2017-07-07","2:30","0","0"
"2017-07-07","2:45","0","0"
"2017-07-07","3:0","0","0"
"2017-07-07","3:15","0","0"
"2017-07-07","3:30","0","0"
"2017-07-07","3:45","0","0"
"2017-07-07","4:0","0","0"
"2017-07-07","4:15","0","0"
"2017-07-07","4:30","1","0"
"2017-07-07","4:45","1","0"
"2017-07-07","5:0","1","0"
"2017-07-07","5:15","1","0"
"2017-07-07","5:30","1","0"
"2017-07-07","5:45","1","0"
"2017-07-07","6:0","2","0"
"2017-07-07","6:15","2","0"
"2017-07-07","6:30","3","0"
"2017-07-07","6:45","3","45"
"2017-07-07","7:0","3","12"
"2017-07-07","7:15","3","17"
"2017-07-07","7:30","4","7"
"2017-07-07","7:45","4","0"
"2017-07-07","8:0","4","32"
"2017-07-07","8:15","4","122"
"2017-07-07","8:30","4","100"
"2017-07-07","8:45","4","0"
"2017-07-07","9:0","4","0"
"2017-07-07","9:15","4","16"
"2017-07-07","9:30","3","0"
"2017-07-07","9:45","3","5"
"2017-07-08","0:0","0","0"
"2017-07-08","0:15","0","0"
"2017-07-08","0:30","0","0"
"2017-07-08","0:45","0","0"
"2017-07-08","10:0","2","0"
"2017-07-08","10:15","2","0"
"2017-07-08","10:30","1","0"
"2017-07-08","10:45","1","0"
"2017-07-08","11:0","1","0"
"2017-07-08","11:15","1","0"
"2017-07-08","11:30","1","3"
"2017-07-08","11:45","1","0"
"2017-07-08","12:0","1","44"
"2017-07-08","12:15","1","4"
"2017-07-08","12:30","1","0"
"2017-07-08","12:45","1","0"
"2017-07-08","13:0","1","0"
"2017-07-08","13:15","1","2"
"2017-07-08","13:30","1","0"
"2017-07-08","13:45","1","0"
"2017-07-08","14:0","1","0"
"2017-07-08","14:15","1","3"
"2017-07-08","14:30","1","0"
"2017-07-08","14:45","1","0"
"2017-07-08","15:0","1","0"
"2017-07-08","15:15","1","0"
"2017-07-08","15:30","1","1"
"2017-07-08","15:45","1","0"
"2017-07-08","16:0","1","0"
"2017-07-08","16:15","1","0"
"2017-07-08","16:30","1","0"
"2017-07-08","16:45","1","0"
"2017-07-08","17:0","1","0"
"2017-07-08","17:15","1","5"
"2017-07-08","17:30","1","17"
"2017-07-08","17:45","1","2"
"2017-07-08","18:0","1","0"
"2017-07-08","18:15","1","0"
"2017-07-08","18:30","1","0"
"2017-07-08","18:45","1","0"
"2017-07-08","19:0","1","0"
"2017-07-08","19:15","1","0"
"2017-07-08","19:30","1","2"
"2017-07-08","19:45","1","5"
"2017-07-08","1:0","0","0"
"2017-07-08","1:15","0","0"
"2017-07-08","1:30","0","0"
"2017-07-08","1:45","0","0"
"2017-07-08","20:0","1","10"
"2017-07-08","20:15","1","1"
"2017-07-08","20:30","1","0"
"2017-07-08","20:45","1","0"
"2017-07-08","21:0","1","0"
"2017-07-08","21:15","1","0"
"2017-07-08","21:30","1","0"
"2017-07-08","21:45","1","0"
"2017-07-08","22:0","1","0"
"2017-07-08","22:15","1","5"
"2017-07-08","22:30","1","10"
"2017-07-08","22:45","1","0"
"2017-07-08","23:0","1","0"
"2017-07-08","23:15","1","0"
"2017-07-08","23:30","0","0"
"2017-07-08","23:45","0","0"
"2017-07-08","2:0","0","0"
"2017-07-08","2:15","0","0"
"2017-07-08","2:30","0","0"
"2017-07-08","2:45","0","0"
"2017-07-08","3:0","0","0"
"2017-07-08","3:15","0","0"
"2017-07-08","3:30","0","0"
"2017-07-08","3:45","0","0"
"2017-07-08","4:0","0","0"
"2017-07-08","4:15","0","0"
"2017-07-08","4:30","1","0"
"2017-07-08","4:45","1","0"
"2017-07-08","5:0","1","0"
"2017-07-08","5:15","1","0"
"2017-07-08","5:30","1","0"
"2017-07-08","5:45","1","0"
"2017-07-08","6:0","2","0"
"2017-07-08","6:15","2","0"
"2017-07-08","6:30","3","0"
"2017-07-08","6:45","3","24"
"2017-07-08","7:0","3","0"
"2017-07-08","7:15","3","22"
"2017-07-08","7:30","4","5"
"2017-07-08","7:45","4","9"
"2017-07-08","8:0","4","87"
"2017-07-08","8:15","4","88"
"2017-07-08","8:30","4","23"
"2017-07-08","8:45","4","0"
"2017-07-08","9:0","4","0"
"2017-07-08","9:15","4","17"
"2017-07-08","9:30","3","0"
"2017-07-08","9:45","3","3"
"2017-07-09","0:0","0","0"
"2017-07-09","0:15","0","0"
"2017-07-09","0:30","0","0"
"2017-07-09","0:45","0","0"
"2017-07-09","10:0","2","0"
"2017-07-09","10:15","2","0"
"2017-07-09","10:30","1","0"
"2017-07-09","10:45","1","0"
"2017-07-09","11:0","1","0"
"2017-07-09","11:15","1","0"
"2017-07-09","11:30","1","6"
"2017-07-09","11:45","1","1"
"2017-07-09","12:0","1","46"
"2017-07-09","12:15","1","0"
"2017-07-09","12:30","1","0"
"2017-07-09","12:45","1","0"
"2017-07-09","13:0","1","0"
"2017-07-09","13:15","1","2"
"2017-07-09","13:30","1","95"
"2017-07-09","13:45","1","0"
"2017-07-09","14:0","1","0"
"2017-07-09","14:15","1","7"
"2017-07-09","14:30","1","0"
"2017-07-09","14:45","1","6"
"2017-07-09","15:0","1","0"
"2017-07-09","15:15","1","0"
"2017-07-09","15:30","1","0"
"2017-07-09","15:45","1","0"
"2017-07-09","16:0","1","2"
"2017-07-09","16:15","1","0"
"2017-07-09","16:30","1","0"
"2017-07-09","16:45","1","0"
"2017-07-09","17:0","1","0"
"2017-07-09","17:15","1","11"
"2017-07-09","17:30","1","14"
"2017-07-09","17:45","1","2"
"2017-07-09","18:0","1","0"
"2017-07-09","18:15","1","0"
"2017-07-09","18:30","1","0"
"2017-07-09","18:45","1","0"
"2017-07-09","19:0","1","0"
"2017-07-09","19:15","1","0"
"2017-07-09","19:30","1","0"
"2017-07-09","19:45","1","0"
"2017-07-09","1:0","0","0"
"2017-07-09","1:15","0","0"
"2017-07-09","1:30","0","0"
"2017-07-09","1:45","0","0"
"2017-07-09","20:0","1","1"
"2017-07-09","20:15","1","0"
"2017-07-09","20:30","1","0"
"2017-07-09","20:45","1","0"
"2017-07-09","21:0","1","0"
"2017-07-09","21:15","1","0"
"2017-07-09","21:30","1","0"
"2017-07-09","21:45","1","0"
"2017-07-09","22:0","1","0"
"2017-07-09","22:15","1","11"
"2017-07-09","22:30","1","11"
"2017-07-09","22:45","1","0"
"2017-07-09","23:0","1","0"
"2017-07-09","23:15","1","0"
"2017-07-09","23:30","0","0"
"2017-07-09","23:45","0","0"
"2017-07-09","2:0","0","0"
"2017-07-09","2:15","0","0"
"2017-07-09","2:30","0","0"
"2017-07-09","2:45","0","0"
"2017-07-09","3:0","0","0"
"2017-07-09","3:15","0","0"
"2017-07-09","3:30","0","0"
"2017-07-09","3:45","0","0"
"2017-07-09","4:0","0","0"
"2017-07-09","4:15","0","0"
"2017-07-09","4:30","1","0"
"2017-07-09","4:45","1","0"
"2017-07-09","5:0","1","0"
"2017-07-09","5:15","1","0"
"2017-07-09","5:30","1","0"
"2017-07-09","5:45","1","0"
"2017-07-09","6:0","2","0"
"2017-07-09","6:15","2","0"
"2017-07-09","6:30","3","0"
"2017-07-09","6:45","3","17"
"2017-07-09","7:0","3","0"
"2017-07-09","7:15","3","20"
"2017-07-09","7:30","4","2"
"2017-07-09","7:45","4","0"
"2017-07-09","8:0","4","58"
"2017-07-09","8:15","4","105"
"2017-07-09","8:30","4","76"
"2017-07-09","8:45","4","11"
"2017-07-09","9:0","4","0"
"2017-07-09","9:15","4","14"
"2017-07-09","9:30","3","0"
"2017-07-09","9:45","3","2"
"2017-07-10","0:0","7","0"
"2017-07-10","0:15","7","0"
"2017-07-10","0:30","7","0"
"2017-07-10","0:45","7","0"
"2017-07-10","10:0","7","0"
"2017-07-10","10:15","7","0"
"2017-07-10","10:30","7","0"
"2017-07-10","10:45","7","0"
"2017-07-10","11:0","7","0"
"2017-07-10","11:15","7","0"
"2017-07-10","11:30","7","0"
"2017-07-10","11:45","7","0"
"2017-07-10","12:0","7","16"
"2017-07-10","12:15","7","0"
"2017-07-10","12:30","7","0"
"2017-07-10","12:45","7","0"
"2017-07-10","13:0","7","3"
"2017-07-10","13:15","7","3"
"2017-07-10","13:30","7","4"
"2017-07-10","13:45","7","0"
"2017-07-10","14:0","7","0"
"2017-07-10","14:15","7","6"
"2017-07-10","14:30","7","0"
"2017-07-10","14:45","7","61"
"2017-07-10","15:0","7","0"
"2017-07-10","15:15","7","1"
"2017-07-10","15:30","7","0"
"2017-07-10","15:45","7","0"
"2017-07-10","16:0","7","0"
"2017-07-10","16:15","7","0"
"2017-07-10","16:30","7","0"
"2017-07-10","16:45","7","0"
"2017-07-10","17:0","7","0"
"2017-07-10","17:15","7","9"
"2017-07-10","17:30","7","7"
"2017-07-10","17:45","7","0"
"2017-07-10","18:0","7","0"
"2017-07-10","18:15","7","0"
"2017-07-10","18:30","7","4"
"2017-07-10","18:45","7","2"
"2017-07-10","19:0","7","0"
"2017-07-10","19:15","7","0"
"2017-07-10","19:30","7","0"
"2017-07-10","19:45","7","0"
"2017-07-10","1:0","7","0"
"2017-07-10","1:15","7","0"
"2017-07-10","1:30","7","0"
"2017-07-10","1:45","7","0"
"2017-07-10","20:0","7","6"
"2017-07-10","20:15","7","0"
"2017-07-10","20:30","7","0"
"2017-07-10","20:45","7","0"
"2017-07-10","21:0","7","0"
"2017-07-10","21:15","7","0"
"2017-07-10","21:30","7","0"
"2017-07-10","21:45","7","0"
"2017-07-10","22:0","7","0"
"2017-07-10","22:15","7","12"
"2017-07-10","22:30","7","9"
"2017-07-10","22:45","7","0"
"2017-07-10","23:0","7","0"
"2017-07-10","23:15","7","0"
"2017-07-10","23:30","7","0"
"2017-07-10","23:45","7","0"
"2017-07-10","2:0","7","0"
"2017-07-10","2:15","7","0"
"2017-07-10","2:30","7","0"
"2017-07-10","2:45","7","0"
"2017-07-10","3:0","7","0"
"2017-07-10","3:15","7","0"
"2017-07-10","3:30","7","0"
"2017-07-10","3:45","7","0"
"2017-07-10","4:0","7","0"
"2017-07-10","4:15","7","0"
"2017-07-10","4:30","7","0"
"2017-07-10","4:45","7","0"
"2017-07-10","5:0","7","0"
"2017-07-10","5:15","7","0"
"2017-07-10","5:30","7","0"
"2017-07-10","5:45","7","0"
"2017-07-10","6:0","7","0"
"2017-07-10","6:15","7","0"
"2017-07-10","6:30","7","0"
"2017-07-10","6:45","7","64"
"2017-07-10","7:0","7","3"
"2017-07-10","7:15","7","18"
"2017-07-10","7:30","7","1"
"2017-07-10","7:45","7","0"
"2017-07-10","8:0","7","169"
"2017-07-10","8:15","7","126"
"2017-07-10","8:30","7","56"
"2017-07-10","8:45","7","0"
"2017-07-10","9:0","7","0"
"2017-07-10","9:15","7","18"
"2017-07-10","9:30","7","0"
"2017-07-10","9:45","7","0"
"2017-07-11","0:0","7","0"
"2017-07-11","0:15","7","0"
"2017-07-11","0:30","7","0"
"2017-07-11","0:45","7","0"
"2017-07-11","10:0","7","0"
"2017-07-11","10:15","7","0"
"2017-07-11","10:30","7","0"
"2017-07-11","10:45","7","0"
"2017-07-11","11:0","7","0"
"2017-07-11","11:15","7","0"
"2017-07-11","11:30","7","4"
"2017-07-11","11:45","7","0"
"2017-07-11","12:0","7","38"
"2017-07-11","12:15","7","1"
"2017-07-11","12:30","7","0"
"2017-07-11","12:45","7","0"
"2017-07-11","13:0","7","89"
"2017-07-11","13:15","7","2"
"2017-07-11","13:30","7","0"
"2017-07-11","13:45","7","0"
"2017-07-11","14:0","7","0"
"2017-07-11","14:15","7","4"
"2017-07-11","14:30","7","2"
"2017-07-11","14:45","7","0"
"2017-07-11","15:0","7","0"
"2017-07-11","15:15","7","7"
"2017-07-11","15:30","7","0"
"2017-07-11","15:45","7","0"
"2017-07-11","16:0","7","0"
"2017-07-11","16:15","7","0"
"2017-07-11","16:30","7","0"
"2017-07-11","16:45","7","0"
"2017-07-11","17:0","7","0"
"2017-07-11","17:15","7","21"
"2017-07-11","17:30","7","4"
"2017-07-11","17:45","7","1"
"2017-07-11","18:0","7","0"
"2017-07-11","18:15","7","0"
"2017-07-11","18:30","7","0"
"2017-07-11","18:45","7","0"
"2017-07-11","19:0","7","0"
"2017-07-11","19:15","7","0"
"2017-07-11","19:30","7","0"
"2017-07-11","19:45","7","0"
"2017-07-11","1:0","7","0"
"2017-07-11","1:15","7","0"
"2017-07-11","1:30","7","0"
"2017-07-11","1:45","7","0"
"2017-07-11","20:0","7","8"
"2017-07-11","20:15","7","5"
"2017-07-11","20:30","7","0"
"2017-07-11","20:45","7","0"
"2017-07-11","21:0","7","0"
"2017-07-11","21:15","7","0"
"2017-07-11","21:30","7","0"
"2017-07-11","21:45","7","0"
"2017-07-11","22:0","7","0"
"2017-07-11","22:15","7","8"
"2017-07-11","22:30","7","13"
"2017-07-11","22:45","7","0"
"2017-07-11","23:0","7","0"
"2017-07-11","23:15","7","0"
"2017-07-11","23:30","7","0"
"2017-07-11","23:45","7","0"
"2017-07-11","2:0","7","0"
"2017-07-11","2:15","7","0"
"2017-07-11","2:30","7","0"
"2017-07-11","2:45","7","0"
"2017-07-11","3:0","7","0"
"2017-07-11","3:15","7","0"
"2017-07-11","3:30","7","0"
"2017-07-11","3:45","7","0"
"2017-07-11","4:0","7","0"
"2017-07-11","4:15","7","0"
"2017-07-11","4:30","7","0"
"2017-07-11","4:45","7","0"
"2017-07-11","5:0","7","0"
"2017-07-11","5:15","7","0"
"2017-07-11","5:30","7","0"
"2017-07-11","5:45","7","0"
"2017-07-11","6:0","7","0"
"2017-07-11","6:15","7","0"
"2017-07-11","6:30","7","0"
"2017-07-11","6:45","7","48"
"2017-07-11","7:0","7","0"
"2017-07-11","7:15","7","27"
"2017-07-11","7:30","7","3"
"2017-07-11","7:45","7","0"
"2017-07-11","8:0","7","128"
"2017-07-11","8:15","7","79"
"2017-07-11","8:30","7","41"
"2017-07-11","8:45","7","0"
"2017-07-11","9:0","7","0"
"2017-07-11","9:15","7","16"
"2017-07-11","9:30","7","0"
"2017-07-11","9:45","7","2"
"2017-07-12","0:0","7","0"
"2017-07-12","0:15","7","0"
"2017-07-12","0:30","7","0"
"2017-07-12","0:45","7","0"
"2017-07-12","10:0","7","0"
"2017-07-12","10:15","7","0"
"2017-07-12","10:30","7","0"
"2017-07-12","10:45","7","0"
"2017-07-12","11:0","7","0"
"2017-07-12","11:15","7","5"
"2017-07-12","11:30","7","1"
"2017-07-12","11:45","7","0"
"2017-07-12","12:0","7","50"
"2017-07-12","12:15","7","0"
"2017-07-12","12:30","7","0"
"2017-07-12","12:45","7","0"
"2017-07-12","13:0","7","61"
"2017-07-12","13:15","7","5"
"2017-07-12","13:30","7","2"
"2017-07-12","13:45","7","0"
"2017-07-12","14:0","7","0"
"2017-07-12","14:15","7","5"
"2017-07-12","14:30","7","0"
"2017-07-12","14:45","7","0"
"2017-07-12","15:0","7","0"
"2017-07-12","15:15","7","0"
"2017-07-12","15:30","7","0"
"2017-07-12","15:45","7","0"
"2017-07-12","16:0","7","0"
"2017-07-12","16:15","7","0"
"2017-07-12","16:30","7","0"
"2017-07-12","16:45","7","3"
"2017-07-12","17:0","7","0"
"2017-07-12","17:15","7","4"
"2017-07-12","17:30","7","13"
"2017-07-12","17:45","7","2"
"2017-07-12","18:0","7","0"
"2017-07-12","18:15","7","0"
"2017-07-12","18:30","7","0"
"2017-07-12","18:45","7","0"
"2017-07-12","19:0","7","0"
"2017-07-12","19:15","7","0"
"2017-07-12","19:30","7","0"
"2017-07-12","19:45","7","0"
"2017-07-12","1:0","7","0"
"2017-07-12","1:15","7","0"
"2017-07-12","1:30","7","0"
"2017-07-12","1:45","7","0"
"2017-07-12","20:0","7","14"
"2017-07-12","20:15","7","14"
"2017-07-12","20:30","7","0"
"2017-07-12","20:45","7","0"
"2017-07-12","21:0","7","0"
"2017-07-12","21:15","7","0"
"2017-07-12","21:30","7","0"
"2017-07-12","21:45","7","0"
"2017-07-12","22:0","7","0"
"2017-07-12","22:15","7","7"
"2017-07-12","22:30","7","6"
"2017-07-12","22:45","7","0"
"2017-07-12","23:0","7","0"
"2017-07-12","23:15","7","0"
"2017-07-12","23:30","7","0"
"2017-07-12","23:45","7","0"
"2017-07-12","2:0","7","0"
"2017-07-12","2:15","7","0"
"2017-07-12","2:30","7","0"
"2017-07-12","2:45","7","0"
"2017-07-12","3:0","7","0"
"2017-07-12","3:15","7","0"
"2017-07-12","3:30","7","0"
"2017-07-12","3:45","7","0"
"2017-07-12","4:0","7","0"
"2017-07-12","4:15","7","0"
"2017-07-12","4:30","7","0"
"2017-07-12","4:45","7","0"
"2017-07-12","5:0","7","0"
"2017-07-12","5:15","7","0"
"2017-07-12","5:30","7","0"
"2017-07-12","5:45","7","0"
"2017-07-12","6:0","7","0"
"2017-07-12","6:15","7","0"
"2017-07-12","6:30","7","0"
"2017-07-12","6:45","7","28"
"2017-07-12","7:0","7","0"
"2017-07-12","7:15","7","30"
"2017-07-12","7:30","7","27"
"2017-07-12","7:45","7","0"
"2017-07-12","8:0","7","60"
"2017-07-12","8:15","7","125"
"2017-07-12","8:30","7","70"
"2017-07-12","8:45","7","0"
"2017-07-12","9:0","7","0"
"2017-07-12","9:15","7","19"
"2017-07-12","9:30","7","0"
"2017-07-12","9:45","7","6"
"2017-07-13","0:0","7","0"
"2017-07-13","0:15","7","0"
"2017-07-13","0:30","7","0"
"2017-07-13","0:45","7","0"
"2017-07-13","10:0","7","0"
"2017-07-13","10:15","7","0"
"2017-07-13","10:30","7","0"
"2017-07-13","10:45","7","0"
"2017-07-13","11:0","7","0"
"2017-07-13","11:15","7","0"
"2017-07-13","11:30","7","0"
"2017-07-13","11:45","7","0"
"2017-07-13","12:0","7","43"
"2017-07-13","12:15","7","0"
"2017-07-13","12:30","7","0"
"2017-07-13","12:45","7","0"
"2017-07-13","13:0","7","0"
"2017-07-13","13:15","7","1"
"2017-07-13","13:30","7","1"
"2017-07-13","13:45","7","0"
"2017-07-13","14:0","7","0"
"2017-07-13","14:15","7","1"
"2017-07-13","14:30","7","0"
"2017-07-13","14:45","7","0"
"2017-07-13","15:0","7","0"
"2017-07-13","15:15","7","0"
"2017-07-13","15:30","7","0"
"2017-07-13","15:45","7","0"
"2017-07-13","16:0","7","0"
"2017-07-13","16:15","7","0"
"2017-07-13","16:30","7","0"
"2017-07-13","16:45","7","0"
"2017-07-13","17:0","7","0"
"2017-07-13","17:15","7","10"
"2017-07-13","17:30","7","12"
"2017-07-13","17:45","7","1"
"2017-07-13","18:0","7","0"
"2017-07-13","18:15","7","0"
"2017-07-13","18:30","7","0"
"2017-07-13","18:45","7","0"
"2017-07-13","19:0","7","0"
"2017-07-13","19:15","7","0"
"2017-07-13","19:30","7","3"
"2017-07-13","19:45","7","1"
"2017-07-13","1:0","7","0"
"2017-07-13","1:15","7","0"
"2017-07-13","1:30","7","0"
"2017-07-13","1:45","7","0"
"2017-07-13","20:0","7","1"
"2017-07-13","20:15","7","8"
"2017-07-13","20:30","7","7"
"2017-07-13","20:45","7","0"
"2017-07-13","21:0","7","0"
"2017-07-13","21:15","7","0"
"2017-07-13","21:30","7","0"
"2017-07-13","21:45","7","0"
"2017-07-13","22:0","7","0"
"2017-07-13","22:15","7","3"
"2017-07-13","22:30","7","11"
"2017-07-13","22:45","7","0"
"2017-07-13","23:0","7","0"
"2017-07-13","23:15","7","0"
"2017-07-13","23:30","7","0"
"2017-07-13","23:45","7","0"
"2017-07-13","2:0","7","0"
"2017-07-13","2:15","7","0"
"2017-07-13","2:30","7","0"
"2017-07-13","2:45","7","0"
"2017-07-13","3:0","7","0"
"2017-07-13","3:15","7","0"
"2017-07-13","3:30","7","0"
"2017-07-13","3:45","7","0"
"2017-07-13","4:0","7","0"
"2017-07-13","4:15","7","0"
"2017-07-13","4:30","7","0"
"2017-07-13","4:45","7","0"
"2017-07-13","5:0","7","0"
"2017-07-13","5:15","7","0"
"2017-07-13","5:30","7","0"
"2017-07-13","5:45","7","0"
"2017-07-13","6:0","7","0"
"2017-07-13","6:15","7","0"
"2017-07-13","6:30","7","0"
"2017-07-13","6:45","7","25"
"2017-07-13","7:0","7","1"
"2017-07-13","7:15","7","26"
"2017-07-13","7:30","7","9"
"2017-07-13","7:45","7","0"
"2017-07-13","8:0","7","142"
"2017-07-13","8:15","7","106"
"2017-07-13","8:30","7","59"
"2017-07-13","8:45","7","0"
"2017-07-13","9:0","7","0"
"2017-07-13","9:15","7","15"
"2017-07-13","9:30","7","0"
"2017-07-13","9:45","7","1"
"2017-07-14","0:0","7","0"
"2017-07-14","0:15","7","0"
"2017-07-14","0:30","7","0"
"2017-07-14","0:45","7","0"
"2017-07-14","10:0","7","0"
"2017-07-14","10:15","7","0"
"2017-07-14","10:30","7","0"
"2017-07-14","10:45","7","0"
"2017-07-14","11:0","7","0"
"2017-07-14","11:15","7","2"
"2017-07-14","11:30","7","0"
"2017-07-14","11:45","7","0"
"2017-07-14","12:0","7","36"
"2017-07-14","12:15","7","1"
"2017-07-14","12:30","7","0"
"2017-07-14","12:45","7","0"
"2017-07-14","13:0","7","82"
"2017-07-14","13:15","7","9"
"2017-07-14","13:30","7","4"
"2017-07-14","13:45","7","0"
"2017-07-14","14:0","7","0"
"2017-07-14","14:15","7","1"
"2017-07-14","14:30","7","0"
"2017-07-14","14:45","7","0"
"2017-07-14","15:0","7","0"
"2017-07-14","15:15","7","4"
"2017-07-14","15:30","7","0"
"2017-07-14","15:45","7","0"
"2017-07-14","16:0","7","0"
"2017-07-14","16:15","7","0"
"2017-07-14","16:30","7","0"
"2017-07-14","16:45","7","0"
"2017-07-14","17:0","7","0"
"2017-07-14","17:15","7","9"
"2017-07-14","17:30","7","8"
"2017-07-14","17:45","7","6"
"2017-07-14","18:0","7","0"
"2017-07-14","18:15","7","0"
"2017-07-14","18:30","7","0"
"2017-07-14","18:45","7","0"
"2017-07-14","19:0","7","0"
"2017-07-14","19:15","7","0"
"2017-07-14","19:30","7","0"
"2017-07-14","19:45","7","0"
"2017-07-14","1:0","7","0"
"2017-07-14","1:15","7","0"
"2017-07-14","1:30","7","0"
"2017-07-14","1:45","7","0"
"2017-07-14","20:0","7","0"
"2017-07-14","20:15","7","7"
"2017-07-14","20:30","7","1"
"2017-07-14","20:45","7","0"
"2017-07-14","21:0","7","0"
"2017-07-14","21:15","7","0"
"2017-07-14","21:30","7","0"
"2017-07-14","21:45","7","0"
"2017-07-14","22:0","7","0"
"2017-07-14","22:15","7","3"
"2017-07-14","22:30","7","18"
"2017-07-14","22:45","7","0"
"2017-07-14","23:0","7","0"
"2017-07-14","23:15","7","0"
"2017-07-14","23:30","7","0"
"2017-07-14","23:45","7","0"
"2017-07-14","2:0","7","0"
"2017-07-14","2:15","7","0"
"2017-07-14","2:30","7","0"
"2017-07-14","2:45","7","0"
"2017-07-14","3:0","7","0"
"2017-07-14","3:15","7","0"
"2017-07-14","3:30","7","0"
"2017-07-14","3:45","7","0"
"2017-07-14","4:0","7","0"
"2017-07-14","4:15","7","0"
"2017-07-14","4:30","7","0"
"2017-07-14","4:45","7","0"
"2017-07-14","5:0","7","0"
"2017-07-14","5:15","7","0"
"2017-07-14","5:30","7","0"
"2017-07-14","5:45","7","0"
"2017-07-14","6:0","7","0"
"2017-07-14","6:15","7","0"
"2017-07-14","6:30","7","0"
"2017-07-14","6:45","7","49"
"2017-07-14","7:0","7","8"
"2017-07-14","7:15","7","16"
"2017-07-14","7:30","7","8"
"2017-07-14","7:45","7","0"
"2017-07-14","8:0","7","35"
"2017-07-14","8:15","7","123"
"2017-07-14","8:30","7","96"
"2017-07-14","8:45","7","0"
"2017-07-14","9:0","7","0"
"2017-07-14","9:15","7","16"
"2017-07-14","9:30","7","0"
"2017-07-14","9:45","7","5"
